Symbol,Open,High,Low,Close,Adj Close,Volume,52High,52Low
AAN,44.94,45.67,43.86,,,"478,462",78.65,13.005
AAOI,14.23,14.5,13.62,,,"1,056,028",15.98,5
AAON,58.49,60,58.02,,,"290,140",60,40.4809
AAT,26.18,26.72,25.83,,,"406,850",49.26,20.15
AAWW,48.74,49.4,47.85,,,"396,361",51,14.97
AAXN,87.53,89.8887,86.56,,,"660,402",104.9,49.8
ABCB,23.42,23.57,22.33,,,"555,877",44.9,17.12
ABEO,2.95,2.99,2.87,,,"564,956",5.19,1.35
ABG,106.15,109.735,105.12,,,"507,774",123.445,39.36
ABM,35.14,36.09,34.95,,,"451,805",42.67,19.7906
ABTX,24.19,24.28,23.38,,,"39,065",38.95,20.88
AC,38.7,39.24,37.96,,,"28,402",65.46,24.33
ACA,42.67,43.23,42.36,,,"200,543",47.85,28.14
ACAD,43.75,44.82,42.75,,,"2,655,360",58.72,22.33
ACBI,11.25,11.29,10.99,,,"45,367",20.21,8.89
ACCO,7,7.065,6.82,,,"484,552",11.3799,3.51
ACER,3.27,3.51,3.21,,,"109,685",7.25,1.08
ACIA,67.69,67.89,67.6,,,"453,707",69.13,60.62
ACIW,27.785,28.19,27.55,,,"705,180",39.37,20.03
ACLS,28.4,29.53,27.98,,,"242,822",29.7,12.99
ACNB,22.67,23.5,22.58,,,"11,412",37.9,20.05
ACOR,0.8017,0.9,0.7801,,,"2,451,422",7.13,0.6516
ACRE,8.92,9.2,8.9,,,"377,591",17.72,2.78
ACRS,2.24,2.39,2.205,,,"538,566",3.34,0.7
ACRX,1.12,1.18,1.08,,,"2,862,678",2.8,0.7014
ACTG,4.02,4.32,3.96,,,"434,263",4.46,1.75
ADC,63.38,64.635,62.38,,,"572,542",80.51,45.23
ADES,4.6,4.75,4.58,,,"93,136",15.34,4.44
ADMA,2.96,3.1159,2.91,,,"1,731,872",5.4844,1.45
ADMS,2.61,2.705,2.6,,,"264,707",7.78,1.9
ADNT,18.13,18.5,17.76,,,"604,274",29.275,5.9001
ADRO,2.775,2.86,2.72,,,"207,512",4.04,0.9011
ADSW,30.16,30.19,30.16,,,"732,984",33.15,28.55
ADTN,12.82,12.89,12.45,,,"450,372",12.62,4.8
ADUS,94.9,95,92.12,,,"98,484",104.5622,43.125
ADVM,17.27,17.88,17.08,,,"806,636",26.98,4.96
AEGN,16.37,16.5,16.06,,,"84,678",23.645,11.4
AEIS,71.82,72.9125,70.485,,,"473,339",78.49,33.38
AEL,26,26.315,25.68,,,"953,632",34.16,9.07
AEO,10.12,10.3499,9.955,,,"4,777,433",18.07,6.535
AERI,12.61,13.33,12.51,,,"597,920",26.26,10.8
AFI,2.97,3.1099,2.95,,,"177,877",9.23,1.12
AFIN,7.15,7.2693,7.04,,,"305,682",15.18,4.2
AFMD,4.11,4.2668,4.08,,,"675,696",4.91,1.42
AGE,1.33,1.54,1.33,,,"679,428",3.14,0.666
AGEN,3.4,3.5478,3.37,,,"2,095,671",4.785,1.82
AGLE,7.49,8.02,7.32,,,"120,663",11.38,3.5
AGM,61.53,61.72,60.48,,,"25,065",88.46,40.05
AGS,3.42,3.65,3.3,,,"316,361",19.35,0.7011
AGX,46.01,46.59,45.6,,,"109,295",48.25,29.9116
AGYS,18.25,18.85,17.96,,,"123,524",37.17,12.61
AHH,9.67,9.85,9.47,,,"192,807",19.43,6.4
AHT,4.41,4.85,4.26,,,"1,385,722",34.35472837,4.6198
AI,3.03,3.0729,3.015,,,"162,562",6.77,1.4
AIMC,34.12,34.16,32.39,,,"521,792",38.43,12
AIMT,14.81,15.53,14.56,,,"1,389,769",37,10.09
AIN,52.24,53.065,51.78,,,"249,861",92.045,30.46
AIR,19.23,19.69,18.55,,,"596,202",52.78,8.56
AIRG,13.16,13.37,12.6,,,"222,087",13.43,5.63
AIT,65.03,65.54,64.09,,,"159,302",70.62,30.66
AJRD,38.04,38.96,37.9,,,"493,568",57.2749,34.01
AJX,8.89,9.24,8.86,,,"69,861",15.96,3.96
AKBA,11.98,12.64,11.8801,,,"779,378",13.71,2.99
AKCA,12.79,12.81,12.17,,,"351,279",23.98,8
AKR,12.08,12.23,11.83,,,"520,416",29.5496,9.5907
AKTS,8.09,8.28,7.93,,,"323,051",9.4,3.76
ALBO,26.26,27.48,25.76,,,"86,372",31.5,11.26
ALCO,31.45,32.18,29.5242,,,"98,609",38.25,22.55
ALDX,6.33,6.6,6.01,,,"950,989",8.05,1.48
ALE,59.61,60.12,59.1401,,,"285,916",88.6,48.22
ALEC,22.29,23.32,21.85,,,"357,104",35.93,13.64
ALEX,12.28,12.44,12.08,,,"331,693",25.38,8.3189
ALG,103.14,103.58,101.01,,,"53,820",132.96,70.99
ALGT,113.76,117.82,110.93,,,"152,229",183.26,60.06
ALLK,84.1,84.46,82.04,,,"226,417",139.99,30.32
ALLO,39.45,40.95,39.22,,,"346,417",55,17.43
ALOT,6.9,7.2,6.82,,,"26,052",24.6101,5.29
ALRM,71.61,74.66,71.21,,,"403,236",74.07,32
ALTM,13.68,13.97,13.5,,,"54,773",74.2,9.4
ALTR,38.95,40.48,38.73,,,"201,488",43.28,23.04
ALX,249.01,251.875,247.55,,,"14,017",391.75,223.025
AMAG,10.075,10.44,9.09,,,"1,693,284",13.53,4.41
AMAL,11.32,11.52,11.15,,,"39,523",20,7.9
AMBA,45.26,46.75,45.12,,,"363,131",73.59,36.02
AMBC,13.45,13.64,13.32,,,"181,031",22.9,8.74
AMC,4.06,4.175,4,,,"3,570,446",12.49,1.95
AMED,215.47,218.97,214.5,,,"172,606",218.94,121.0013
AMEH,16.76,16.8,16.32,,,"64,125",23.26,9.27
AMKR,12.64,12.985,12.15,,,"1,625,618",15.245,5.4
AMN,54.61,55.19,53.08,,,"487,529",89.22,36.65
AMNB,23.27,23.955,23.0779,,,"10,106",40.57,18.5338
AMOT,36.71,37.09,36.5,,,"21,495",49.98,19
AMPH,20.39,20.81,20.34,,,"176,200",22.85,12.325
AMRC,28.68,29.35,28.4201,,,"185,050",32.48,13.11
AMRS,4.2,4.28,4.1,,,"906,117",6.07,1.4
AMRX,4.46,4.495,4.35,,,"848,516",5.79,2.27
AMSC,9.52,9.955,9.41,,,"328,415",9.99,4.4
AMSF,64.15,64.55,62.26,,,"64,672",80.65,48.02
AMSWA,15.605,15.88,15.27,,,"159,335",21.48,9.05
AMTB,13.6,13.75,13,,,"24,775",23.59,10.05
AMWD,77.54,79.82,75.41,,,"206,952",117.7,35.3
ANAB,20.47,21.245,20.25,,,"140,888",56.72,10
ANDE,14.22,14.27,13.74,,,"177,370",28.82,10
ANF,10.22,10.27,9.9119,,,"2,071,164",19.18,7.415
ANGO,8.69,8.94,8.605,,,"382,506",21.59,7.48
ANH,1.8,1.8482,1.79,,,"302,871",3.95,0.79
ANIK,36.47,36.94,35.79,,,"79,895",75.715,22.01
ANIP,28.14,28.64,27.55,,,"71,839",86.96,25.2309
AOSL,10.7,10.91,10.6,,,"40,897",14.5,5.82
APAM,34.46,34.95,34.28,,,"415,019",38.09,17.69
APEI,32.45,32.95,32.09,,,"76,316",34.63,18.47
APLS,29.3,31.77,29.145,,,"1,267,008",45.04,16.85
APOG,23.56,23.93,23.07,,,"244,701",46.7,13.767
APPF,140.96,148.2,139.74,,,"92,887",180.5595,81.01
APPN,49.5,51.865,48.55,,,"570,526",64.72,29.07
APPS,12.36,12.94,12.17,,,"1,426,718",13.96,3.48
APTS,7.45,7.54,7.25,,,"382,321",15.13,5.2688
APYX,5.15,5.33,5.11,,,"42,823",8.59,2.805
AQUA,19.7,20.11,19.57,,,"445,849",25.23,7.085
ARA,6.74,6.93,6.72,,,"32,459",13.8,5.57
ARAY,2.3,2.38,2.26,,,"954,303",4.68,1.33
ARCB,30.61,30.9,30.29,,,"169,405",32.455,13.54
ARCH,29.41,30.04,27.665,,,"262,053",92.37,21.8
ARDX,6.57,6.77,6.52,,,"280,228",8.815,2.1
ARES,40.49,41.32,40.09,,,"417,577",41.88,20.2001
ARGO,34.49,34.95,34.09,,,"198,240",71.48,25
ARI,9.44,9.665,9.43,,,"766,909",19.76,4.12
ARL,9.74,10.2,9.58,,,995,17.89,5.99
ARLO,3.65,3.89,3.352,,,"1,836,363",5.13,1.2
ARNA,63.63,65.35,63.36,,,"804,737",69.75,32.95
AROC,7.14,7.15,6.81,,,"1,247,448",11.43,2.09
AROW,29.02,29.11,28.31,,,"31,796",38.3095,20.785
ARR,9.5,9.9,9.43,,,"1,156,057",21.15,4.95
ARTNA,36.82,36.91,36.45,,,"29,147",39.6,30.01
ARVN,34.36,35.44,34.1744,,,"203,737",61.57,15.185
ARWR,46.66,49.4,46.32,,,"844,083",73.72,19.5101
ASC,4.02,4.0497,3.92,,,"258,926",9.79,3.7301
ASGN,69.92,70.71,68.54,,,"222,220",72.66,29.04
ASIX,11.74,12.07,11.33,,,"296,472",27.22,8.06
ASMB,23.25,24.73,22.89,,,"305,609",27.84,8.1301
ASNA,0.587,0.7,0.57,,,"3,980,541",12.6,0.7715
ASPS,13.56,14.1,13.4,,,"72,435",23.58,6
ASRT,0.9609,1.15,0.9392,,,"1,699,828",3.55,0.55
ASTE,45.45,46.43,43.92,,,"231,937",49.18,25.17
AT,2.04,2.06,2.02,,,"218,813",2.56,1.7
ATEC,5.05,5.08,4.87,,,"266,327",7.93,2.19
ATEN,7.45,7.49,7.26,,,"691,125",8.29,3.43
ATEX,42.17,42.5225,41.7,,,"49,081",57.75,29.38
ATGE,36.47,36.505,36.01,,,"399,218",51.79,19.76
ATHX,2.91,3.09,2.88,,,"2,791,690",4.38,1.13
ATI,9.46,9.82,9.26,,,"3,086,239",24.17,4.95
ATKR,27.46,27.65,26.85,,,"149,591",43.5,10.85
ATLO,19.185,19.23,19,,,"6,931",29.295,17.25
ATNI,58.05,58.42,56.68,,,"30,113",79.64,37.01
ATNX,11.81,12.11,11.6802,,,"399,532",19.085,5.63
ATRA,13.97,14.39,13.65,,,"402,086",19.36,4.52
ATRC,44.99,46.42,44.7,,,"163,827",51.76,22.57
ATRI,624.33,634.02,624.33,,,"3,399",846.15,579
ATRO,9.315,9.63,9.02,,,"227,429",38.66,6.99
ATRS,2.81,2.84,2.76,,,"552,593",5.13,1.6
ATSG,24.11,24.26,23.935,,,"518,520",25.6,13.2001
AUB,23.79,24.27,22.53,,,"303,955",40.2,18.55
AVA,37.84,38.09,37.59,,,"245,521",53,32.09
AVAV,77.61,79.9799,76.325,,,"301,432",80.765,45
AVCO,1.68,1.74,1.66,,,"143,529",2.65,0.5
AVD,13.4,13.62,13.33,,,"59,289",19.6,11.35
AVID,8.22,8.33,8.055,,,"307,931",10.79,4.67
AVNS,32.21,32.94,31.72,,,"267,776",48.07,19.46
AVRO,18.79,19.43,18.77,,,"133,040",29.32,9.76
AVXL,4.47,4.63,4.4,,,"451,646",6.31,2.2
AVYA,12.43,12.81,12.39,,,"876,713",15.61,6.13
AWR,81.34,82.19,80.83,,,"169,944",96.64,65.11
AX,21.1,21.27,20.36,,,"182,739",30.89,13.685
AXAS,0.2315,0.2549,0.224,,,"5,692,572",0.96,0.09
AXDX,16.56,17.2,15.95,,,"188,750",22.13,4.53
AXGN,12.035,12.53,12,,,"272,182",18.84,7.16
AXL,7.76,7.86,7.5101,,,"1,364,037",12.595,2.5
AXLA,4.51,4.79,4.5,,,"224,537",8.81,2.25
AXNX,39.9,41.375,39.575,,,"266,637",41.845,15.25
AXSM,79.9,83.5,79.37,,,"256,516",109.94,13.64
AXTI,5.28,5.54,5.13,,,"641,444",5.99,1.85
AZZ,32.21,32.31,31.48,,,"169,782",49.46,19.31
B,38.7,39.44,37.81,,,"304,906",68.6,30.22
BANC,10.96,11.24,10.23,,,"389,015",19.12,6.44
BAND,137.64,142,136.07,,,"401,212",143.28,42.61
BANF,39.9,40.26,38.93,,,"64,171",63.96,26.0001
BANR,37.54,39.41,36.725,,,"237,080",60.21,27.12
BATRA,19.26,19.62,19.13,,,"54,103",30.16,13.59
BATRK,18.97,19.26,18.84,,,"99,487",30.03,13.2
BBBY,10.165,10.535,9.93,,,"11,754,806",17.79,3.43
BBCP,3.71,3.8404,3.57,,,"158,921",6.1047,1.82
BBSI,52.27,53.43,51.78,,,"33,858",95.64,27.25
BBX,15.1,17.24,13.3313,,,"129,112",25.45,5.525
BCBP,8.96,9,8.8,,,"13,085",14.5,8.19
BCC,45.54,46.42,44.95,,,"328,421",45.59,20.08
BCEI,19.03,19.8686,18.75,,,"321,935",26.7521,8.25
BCML,11.64,12.15,11.64,,,"6,803",24.89,10.08
BCO,39.11,39.32,38.18,,,"463,641",97.12,33.1685
BCOR,11.68,11.86,11.51,,,"226,056",30.81,8.66
BCOV,11.64,13.36,9.96,,,"10,811,083",12.88,5.44
BCPC,100.02,100.36,98.52,,,"129,204",113.925,78.3
BCRX,4.57,4.835,4.48,,,"6,045,065",6.2862,1.38
BDC,33.59,34.1,33.05,,,"253,126",57,25.54
BDGE,18.43,18.45,17.86,,,"100,048",34.25,17.17
BDSI,4.24,4.44,4.205,,,"540,478",7.21,2.85
BE,17.57,18.58,17.25,,,"3,526,517",19.67,2.44
BEAT,41.1,42,40.805,,,"290,227",55.85,27.35
BECN,28.86,29.62,28.5,,,"298,412",37.87,11.665
BELFB,11.16,11.54,11.12,,,"17,229",21.5,6.3
BFC,63.59,63.59,62.32,,,"9,525",71.39,43.6346
BFIN,7.51,7.64,7.45,,,"23,449",14.287,6.73
BFS,30.83,30.97,30.25,,,"41,640",57.29,23.58
BFST,14,14.61,13.85,,,"34,616",26.64,9.17
BGS,26.65,26.96,26.195,,,"506,754",26.61,10.39
BGSF,9.54,9.74,9.44,,,"43,058",22.38,5.6898
BH,62.2,63.87,60.43,,,"8,779",124.99,37.85
BHB,20.38,21.19,20.35,,,"41,800",26.45,13.05
BHE,20.42,20.54,20.055,,,"170,835",37.36,14.06
BHLB,10.98,10.99,10.45,,,"427,398",33.72,9.15
BHR,2.46,2.49,2.36,,,"294,356",10.39,1.14
BHVN,71.13,75.29,70.39,,,"526,073",78.75,26.56
BIG,41.73,43,41.01,,,"1,242,079",44.9,10.125
BJ,40.94,42.0637,40.75,,,"1,696,858",41.53,18.84
BJRI,19,19.2,18.21,,,"762,799",44.47,6.01
BKD,2.61,2.87,2.56,,,"2,359,656",8.8,1.47
BKE,15.58,15.71,15.14,,,"567,561",28.5231,11.76
BKH,61.9,62.36,61.09,,,"350,562",87.12,48.07
BL,86.4,89.74,85.74,,,"406,880",90.7,38.32
BLBD,12.98,13.18,12.9,,,"69,848",23.99,8.4
BLD,124.65,129.635,123.33,,,"286,718",134.75,54.83
BLDR,23.26,24,22.94,,,"1,020,533",28.43,9
BLFS,20.57,21.015,20.18,,,"189,977",22.25,7.37
BLKB,55.27,56.315,54.51,,,"322,957",97.35,38.22
BLMN,10.76,10.94,10.42,,,"3,253,117",24.29,4.54
BLX,11.15,11.23,10.96,,,"81,404",22.85,7.7301
BMCH,25.89,26.36,25.78,,,"322,611",31.67,13.38
BMI,64.04,64.56,63.3,,,"140,385",70.835,41.5
BMRC,32.72,32.96,31.42,,,"21,775",47.77,23.8005
BMTC,28.1,28.13,27.35,,,"86,690",41.405,22.2
BNED,2.16,2.22,2.07,,,"635,940",5.1,1.11
BNFT,11.08,11.29,10.94,,,"492,523",28.25,6.09
BOCH,7.82,7.99,7.39,,,"25,690",12.31,5.68
BOMN,16.1,16.37,15.85,,,"52,265",24.7211,13.0449
BOOM,29.2,29.27,28.32,,,"192,854",62.835,20.15
BOOT,19.79,19.9,19.03,,,"608,380",48.11,8.03
BOX,18.28,18.99,18.22,,,"2,552,093",22.09,8.64
BPFH,6.305,6.35,6.08,,,"609,141",13.08,5.18
BPMC,76.01,79.23,75.15,,,"382,617",102.98,43.29
BPRN,18.32,19,18.25,,,"3,656",32.25,17.5
BRC,47.39,47.81,47.03,,,"147,981",59.11,33
BREW,14.505,14.57,14.19,,,"38,834",16.61,7.11
BRG,7.55,7.8,7.2865,,,"135,031",12.655,3.79
BRID,17.11,17.25,16.8,,,"2,420",36.78,14.06
BRKL,9.99,10.01,9.42,,,"401,381",16.96,8.13
BRKS,45.7,47.31,45.37,,,"532,792",50.35,21.19
BRT,10.81,11.04,10.59,,,"31,119",18.75,6
BRY,5.11,5.185,4.9,,,"181,448",11.72,1.82
BSET,8.02,8.2,7.93,,,"29,080",18.24,4.25
BSGM,7.84,8.15,7.6128,,,"620,032",12.43,2.36
BSIG,12.34,12.64,12.24,,,"528,526",13.04,3.61
BSRR,19.27,19.56,18.53,,,"38,899",30.15,13.05
BSTC,63.39,64.42,62.87,,,"22,275",69.5138,42
BSVN,9.45,9.87,9.38,,,"4,383",20.04,5.58
BTAI,61.59,65,60.7,,,"553,133",71.5,3.76
BTU,3.1,3.14,2.835,,,"1,532,001",23.71,2.51
BUSE,17.77,17.84,17.06,,,"187,294",28,11
BV,12.1,12.3,11.81,,,"320,905",20.27,6.85
BWB,9.52,9.6,9.21,,,"22,387",13.9,7.99
BWFG,15.84,16.1,15.71,,,"1,951",30,12.07
BXC,11.61,12,11.15,,,"128,362",35.4,3.6
BXG,6.35,6.93,5.86,,,"396,022",10.79,3.25
BXMT,23.28,23.67,23.21,,,"693,479",40.62,12.67
BXS,22.37,22.64,21.88,,,"658,815",32.97,17.21
BY,13.08,13.08,12.5,,,"29,751",20.73,8.13
BYD,21.88,22.03,21.42,,,"2,270,478",36.22,6.44
BYSI,12.78,13.64,12.7,,,"120,975",23,9.38
BZH,11.36,12.14,11.07,,,"714,772",17.23,4.3863
CAC,34.26,34.54,33.87,,,"76,638",48.48,25.735
CADE,8.37,8.4,7.825,,,"2,985,645",18.28,4.63
CAI,17.67,17.79,16.8,,,"72,132",29.57,10.13
CAKE,23.995,24.1,22.92,,,"2,235,497",45.24,14.52
CAL,7.72,7.95,7.4101,,,"488,148",24.865,3.12
CALA,5.16,5.36,5.11,,,"406,600",8.18,2.45
CALM,43.93,44.36,43.63,,,"348,339",46.65,30.74
CALX,20.67,21.43,19.72,,,"3,024,512",20.2362,5.5973
CAMP,7.58,7.685,7.49,,,"198,626",12.3231,3.7
CAR,28.99,29.84,28.51,,,"2,088,202",52.98,6.35
CARA,17.63,18.15,17.52,,,"384,174",26.67,8.88
CARE,7.4,7.55,7.3,,,"34,739",24.25,6.44
CARG,25.07,25.36,24.16,,,"1,076,326",40.91,14.25
CARS,6.32,6.55,6.08,,,"1,235,427",20.68,3.25
CASA,4.53,4.75,4.395,,,"500,370",8.03,1.85
CASH,19.78,19.98,19.0341,,,"270,626",40,13.09
CASI,1.94,1.99,1.93,,,"709,213",3.82,1.15
CASS,38.89,39.65,38.83,,,"61,815",60.97,28.8501
CATC,54.44,55.25,53.99,,,"9,437",82.8,44.2
CATM,23.39,23.97,23.25,,,"263,020",47.41,15.71
CATO,7.34,7.41,7.18,,,"259,520",19.73,6.88
CATY,25.68,25.84,25.16,,,"382,018",38.91,17.58
CBAN,10.37,10.77,10.21,,,"5,158",17,8.7
CBAY,4.39,5.08,4.28,,,"44,127,031",6.56,1.21
CBB,14.92,14.93,14.87,,,"277,746",16.05,3.19
CBL,0.1876,0.192,0.1751,,,"7,685,081",1.78,0.18
CBMG,13.99,14.11,13.73,,,"38,044",18.99,10.98
CBNK,11.3,11.4339,11,,,"33,308",15.07,6.98
CBRL,106.84,108.05,104.06,,,"325,653",176.24,53.61
CBTX,17.78,17.88,17.51,,,"28,906",31.73,12.5
CBU,59.17,59.25,57.65,,,"254,816",72.63,47.0101
CBZ,23.15,23.5,23.1,,,"222,996",28.73,16.85
CCB,13.63,14.37,13.61,,,"13,115",18.585,8.4101
CCBG,20.11,20.17,19.1,,,"29,067",30.95,15.61
CCF,104.84,107.01,104.61,,,"12,724",127.5,52
CCMP,150.86,152.88,148.67,,,"208,172",169.13,85.262
CCNE,17.55,17.69,16.9346,,,"52,548",33.78,13.25
CCO,0.9476,0.955,0.91,,,"940,423",3.73,0.3625
CCOI,84.39,84.75,83.49,,,"169,814",92.9591,53.24
CCRN,6.66,6.82,6.49,,,"192,536",13.42,4.5
CCS,35.11,37.39,33.9577,,,"397,573",39.31,9.04
CCXI,53.5,56.3322,52.94,,,"324,736",65.43,6.16
CDE,7.46,7.74,7.172,,,"14,982,195",8.29,1.98
CDLX,69.53,74.474,68,,,"474,743",107.5,26.07
CDMO,6.98,7.19,6.92,,,"263,734",8.38,3.02
CDNA,33.5,35.05,33.11,,,"406,485",38.5,13.04
CDR,0.901,0.9217,0.89,,,"332,353",3.69,0.5251
CDXC,5.11,5.12,4.93,,,"269,664",5.8,2.5
CDXS,12.08,12.27,11.91,,,"214,167",18.87,8.43
CDZI,10.51,10.575,10.49,,,"140,442",13.15,8.42
CECE,7.07,7.11,6.75,,,"70,152",9.51,3.531
CEIX,5.61,5.89,5.37,,,"362,423",23.53,3.35
CELC,5.71,5.99,5.65,,,"2,500",23.8,4.03
CELH,14.55,14.97,14.31,,,"467,057",14.785,3.06
CENT,37.15,37.405,36.08,,,"59,928",38.07,22.4
CENTA,34.35,34.39,33.31,,,"258,970",35.16,20.505
CENX,7.53,7.83,7.44,,,"1,162,683",8.42,2.91
CERC,2.74,2.93,2.7,,,"769,401",6.19,1.52
CERS,6.61,6.895,6.59,,,"1,434,913",7.49,2.71
CETV,3.89,3.97,3.89,,,"338,466",5.03,1.8
CEVA,38.48,39.63,38.1101,,,"92,137",39.9971,20.45
CFFI,29.7,30.7,29.62,,,"3,968",57.61,28
CFFN,10.03,10.08,9.81,,,"608,980",14.57,9.83
CFMS,0.782,0.805,0.77,,,"261,218",3.02,0.5003
CHAP,0.5001,0.54,0.491,,,"1,839,236",4.26,0.211
CHCO,64.15,64.73,62.58,,,"114,732",83.07,53.06
CHCT,43.95,44.73,43.25,,,"136,874",52.329,20.1184
CHDN,131.64,134.69,130.0901,,,"241,259",167.525,52.9
CHEF,12.59,12.81,12.33,,,"778,622",42.06,3.55
CHGG,74.63,79.09,73.16,,,"2,950,269",77.9,25.89
CHMA,4.53,4.78,4.49,,,"419,215",7.75,2.88
CHMG,27.55,28.28,27.385,,,"6,828",47.03,21.75
CHMI,9.23,9.33,9.11,,,"115,744",16.3434,2.76
CHRA,2.6,2.76,2.56,,,"20,205",5.73,1.28
CHRS,18.02,18.48,17.81,,,"741,948",23.91,10.8616
CHS,1.42,1.45,1.37,,,"1,273,477",5.14,0.9301
CHUY,14.02,14.26,13.8,,,"163,012",29.45,7.28
CIA,5.76,5.84,5.7,,,"43,954",7.72,3.55
CIO,9.68,9.852,9.63,,,"251,448",14.5,6.5
CIR,28.8,29.19,28.19,,,"124,665",46.79,8
CIVB,13.9,14.06,13.66,,,"76,774",24.32,11.62
CIX,13.46,14,13.46,,,"2,096",17.57,10.53
CKH,27.95,28.03,26.84,,,"106,613",51.42,22.23
CKPT,2.43,2.55,2.35,,,"645,629",3.34,1.05
CLAR,11.25,11.455,11.08,,,"191,795",14.665682,7.861704
CLBK,13.18,13.39,13.11,,,"83,308",17.34,12
CLCT,37.5,38.48,36.89,,,"90,993",39.48,13.26
CLDR,11.54,11.95,11.3721,,,"4,888,283",13.93,4.76
CLDT,5.45,5.53,5.25,,,"508,388",18.98,3.44
CLF,5.75,5.88,5.67,,,"5,184,023",11.28,2.63
CLFD,13.99,14,13.81,,,"53,772",14.9,8.32
CLI,14.62,14.78,14.51,,,"263,667",24.09,12.9
CLNC,6.65,6.775,6.55,,,"230,728",16.36,2.46
CLNE,2.54,2.61,2.44,,,"2,785,426",3.75,1.05
CLPR,6.67,7.06,6.57,,,"46,806",12.05,4.32
CLVS,6.55,6.799,6.1487,,,"5,870,343",17.37,2.93
CLW,37.67,37.88,37.06,,,"98,887",39.605,11.88
CLXT,4.52,4.8,4.46,,,"42,341",10.1899,2.4
CMC,20.47,20.9284,20.41,,,"954,385",24.04,10.76
CMCO,33.97,34.08,33.505,,,"143,946",42.77,19.2
CMCT,11.12,11.5796,11,,,"6,478",69.3093,6.27
CMLS,3.94,4.0858,3.84,,,"179,857",18.15,3
CMO,5.96,6.03,5.9085,,,"603,484",9.1,1.97
CMP,52.45,53.58,51.96,,,"185,229",66.14,34.3901
CMPR,80.65,84.12,80.28,,,"164,539",145.09,40.8
CMRE,5.46,5.47,5.06,,,"1,198,063",10.845,3.16
CMRX,3.64,3.885,3.58,,,"406,505",3.885,1.19
CMTL,16.52,16.54,15.78,,,"222,912",38,11.48
CNBKA,75.82,78.2,75.71,,,"9,138",93.49,51.4
CNCE,10.1,10.39,9.44,,,"184,800",13.09,5.36
CNDT,2.05,2.14,1.98,,,"2,128,682",9.36,1.54
CNMD,83.16,84.76,81.6,,,"282,529",116.81,37.66
CNNE,38.65,40.3,38.03,,,"646,156",44.87,20.51
CNO,16.09,16.15,15.37,,,"1,581,609",20.93,8.79
CNOB,14.22,14.48,13.92,,,"89,822",26.5,8.855
CNR,5.93,6.17,5.84,,,"611,770",9.79,2.54
CNS,64.06,68.01,63.47,,,"173,820",78.23,33.52
CNSL,6.1,6.1401,5.95,,,"444,038",7.51,3.24
CNST,28.24,29.15,27.75,,,"263,598",59.4899,6.01
CNTY,4.16,4.425,4.07,,,"537,535",10.15,1.01
CNX,9.48,9.61,8.63,,,"4,144,522",14.19,4.26
CNXN,42.33,43.1,42.06,,,"71,934",56.33,30.1
CODA,5.5,5.765,5.41,,,"39,314",13.05,4.26
COHU,18.22,18.27,17.24,,,"273,669",26.43,8.8901
COKE,228.54,228.64,226,,,"51,984",382.5127,188.08
COLB,30.87,31.19,29.75,,,"523,090",41.4,19.11
COLL,16.9,17.68,16.65,,,"347,625",25.59,10.01
CONN,10.26,10.58,9.97,,,"355,379",27.57,2.83
COOP,13.33,13.5,13.24,,,"533,543",14.68,4.31
CORE,26.22,26.45,25.96,,,"192,039",38.5,20.935
CORR,8.3,8.4367,8.08,,,"227,551",49.75,7.32
CORT,16.25,16.7,16.15,,,"1,013,636",18.525,9.7
COWN,17.58,17.93,17.32,,,"382,221",18.36,5.75
CPE,1.27,1.34,1.23,,,"17,575,630",5.36,0.38
CPF,15.28,15.34,14.89,,,"90,069",30.56,12.4
CPK,85.77,86.78,85.02,,,"35,838",101.29,69.47
CPLG,5.1,5.14,4.89,,,"222,951",12.25,2.18
CPRX,4.77,4.93,4.71,,,"1,212,460",7.67,2.55
CPS,12.17,12.5,11.95,,,"127,870",50.78,6.64
CPSI,25.45,25.7,25.12,,,"78,878",35.78,16.93
CRAI,40.81,41.4,40.45,,,"28,944",58.19,21.96
CRBP,6.8,6.98,6.61,,,"1,668,560",8.7792,3.29
CRD/A,7.65,7.72,7.48,,,"22,076",11.9,5.43
CRK,5.54,5.6,5.18,,,"3,067,556",10.6985,4.05
CRMD,5.84,5.99,5.66,,,"154,546",9.93,2.16
CRMT,102.69,104.41,97.7508,,,"96,373",129.7,35.18
CRNX,14.39,14.75,14.35,,,"109,784",26.67,10.63
CROX,35.96,36.78,35.17,,,"944,423",43.7938,8.4
CRS,22.65,23,22.25,,,"316,990",56.33,13.6
CRTX,43.19,44.83,42.78,,,"65,324",73.84,19.35
CRUS,65.08,66.13,64.39,,,"598,158",91.63,47.04
CRVL,77.81,78.27,77.04,,,"46,021",96.45,44.67
CRY,18.76,18.99,18.49,,,"241,662",33,12.63
CSGS,40.63,41.61,40.47,,,"167,342",58.69,36.33
CSII,30.305,31.2,29.89,,,"294,310",55.2173,26
CSLT,1.08,1.19,1.08,,,"1,579,019",3.03,0.6
CSOD,36.42,37.44,36.16,,,"373,796",64.45,22.22
CSTE,11.34,11.35,10.91,,,"68,596",17.85,7.65
CSTR,10.9,11.1,10.78,,,"17,593",17.48,7.44
CSV,19.4,19.61,18.81,,,"390,798",28.5,13.54
CSWI,68.05,69.99,67.9,,,"55,622",81.06,50.13
CTB,31.3,31.38,30.48,,,"478,013",31.575,13.82
CTBI,32.44,32.7,31.66,,,"46,308",47.54,26.45
CTMX,7.92,8.2,7.83,,,"281,243",15.44,3.595
CTO,37.81,38.4,37.04,,,"15,018",68.6435,33.41
CTRA,3.26,3.62,3.1,,,"160,502",39.63,1.93
CTRE,17.5,17.69,17.1,,,"529,050",24.56,7.16
CTRN,17.92,18.07,17.43,,,"215,090",24.78,6.7
CTS,20.87,20.91,19.745,,,"222,463",34.29,17.9228
CTSO,9.91,10.39,9.86,,,"731,828",11.74,3.49
CTT,9.68,9.77,9.58,,,"125,221",12.54,5.13
CUB,43.52,44.37,43.1,,,"763,699",75.2,30.86
CUBI,11.19,11.22,10.66,,,"186,664",25.72,8.36
CUE,20.3,21.22,19.84,,,"300,562",31.69,6.74
CULP,9.96,10.04,9.75,,,"43,481",18.66,5.28
CURO,7.54,7.7299,7.38,,,"313,205",16.99,3.43
CUTR,14,14.265,13.18,,,"272,384",39.15,9.07
CVA,9.7,9.865,9.5701,,,"767,076",17.97,6.57
CVBF,18.91,19.35,18.395,,,"640,852",22.225,14.915
CVCO,187.55,196.5175,183.1,,,"30,439",236.1,99.58
CVCY,13.97,14.24,13.55,,,"43,610",22.15,10.585
CVGI,2.35,2.45,2.31,,,"152,772",8.4,1.24
CVGW,61.62,62.75,60.99,,,"107,457",99.71,48.31
CVI,20.02,20.13,19.7,,,"364,455",55.5228,13.81
CVLT,38.6,39.32,38.45,,,"264,082",51.9,24.26
CVLY,12.7,13,12.7,,,"15,388",23.6,10.62
CVM,13.02,13.32,12.7,,,"365,059",18,6
CWCO,12.23,12.45,12.06,,,"126,964",18.83,12
CWEN,24.62,25.05,24.43,,,"404,534",25.09,16.12
CWEN/A,22.89,23.3,22.59,,,"134,540",22.83,15.2891
CWH,35.69,39.24,35.15,,,"2,148,744",38.4028,3.4
CWK,11.31,11.475,11.14,,,"229,174",20.795,6.84
CWST,53.69,55.59,53.49,,,"200,924",56.14,34.35
CWT,50.54,50.84,49.95,,,"218,999",57.48,39.74
CXW,9.17,9.24,9.01,,,"775,091",18.53,8.33
CYCN,3.64,3.91,3.57,,,"418,701",14.83,1.69
CYH,3.94,4.125,3.92,,,"1,608,611",7.47,1.79
CYRX,35.195,36.78,35.03,,,"431,427",36.44,12.4
CYTK,24.23,25.21,23.6,,,"833,080",29.2,7.725
CZNC,19.23,19.315,18.92,,,"8,684",29.064,15.6881
DAKT,4.28,4.29,4.2001,,,"83,668",7.95,3.69
DAN,12.68,12.885,12.43,,,"1,298,105",19.88,4.22
DAR,28.48,28.73,27.85,,,"1,406,578",29.57,10.25
DBD,6.35,6.4901,6.23,,,"874,632",14.66,2.8
DBI,6.68,6.73,6.33,,,"1,806,548",19.08,2.6
DCO,35.04,35.46,34.31,,,"50,379",57.8352,16.27
DCOM,11.85,11.97,11.57,,,"234,647",22.5,11.35
DCPH,48.86,51.09,48.59,,,"213,317",71.11,19.88
DDD,6.8,6.91,6.7,,,"1,738,252",12.56,5.2
DDS,25.09,26.05,24,,,"469,083",84.47,21.5008
DEA,23.55,23.68,23.23,,,"460,240",29.695,18.49
DECK,206.45,210.395,204.4,,,"409,712",218.185,78.7
DENN,8.86,8.94,8.6,,,"1,169,749",23.88,4.5
DFIN,8.45,8.63,8.2615,,,"352,976",14.58,4.04
DGICA,13.82,13.86,13.73,,,"14,457",16.19,11.2212
DGII,11.63,11.67,11.24,,,"136,368",18.99,6.18
DHIL,124.9,125.75,122.89,,,"8,323",150,75
DHT,5.54,5.55,5.4,,,"2,078,438",8.83,4.77
DHX,2.7,2.72,2.59,,,"104,542",4.28,1.78
DIN,41.36,41.69,39.7696,,,"580,417",104.465,14.16
DIOD,50.87,51.81,50.38,,,"221,071",59.7,31.512
DJCO,281.52,285,281.52,,,999,300.3,187.53
DK,18.38,18.76,18.1,,,"876,203",44.08,7.79
DLA,12.62,13.34,12.5001,,,"15,049",31.71,7.532
DLTH,7.59,7.8599,7.44,,,"202,701",13,2.815
DLX,21.53,22,21.02,,,"381,256",54.145,18.9
DMRC,14.45,14.56,14.24,,,"81,489",51.35,9.92
DNLI,23.41,24.635,23.28,,,"335,568",30.41,12.39
DNOW,8.82,8.905,8.63,,,"707,423",12.99,4.05
DNR,0.2402,0.2495,0.24,,,"21,631,905",1.68,0.163
DOC,17.57,17.84,17.47,,,"1,570,445",20.78,11.01
DOMO,32.31,34.25,31.64,,,"460,333",38.48,7.62
DOOR,85.05,86.48,83.81,,,"112,977",89.205,34.88
DORM,72.92,73.82,71.21,,,"112,707",85.79,44.49
DRH,5.02,5.12,4.92,,,"2,226,386",11.79,1.96
DRNA,23.55,24.9441,23.35,,,"305,503",27.68,11.75
DRQ,34.28,34.3625,33.1,,,"191,461",56.71,23.91
DS,1.66,1.72,1.65,,,"614,403",5.31,0.86
DSKE,3.76,3.91,3.72,,,"107,930",4.4274,0.8574
DSPG,15.79,16.23,15.69,,,"160,130",18.77,10.26
DSSI,8.46,8.48,8.07,,,"211,037",17.5,7.63
DTIL,7.85,8.64,7.8,,,"435,709",23.6702,4.6
DVAX,10.12,10.78,9.92,,,"6,528,222",12.44,1.8
DX,15.29,15.66,15.235,,,"381,723",20.34,7.04
DXPE,19.33,19.52,18.9,,,"174,322",43.94,10.44
DY,41.56,42.4,41.08,,,"267,027",59.06,12.24
DZSI,9.72,10.26,9.61,,,"71,622",11.9135,2.9
EAT,25.61,25.9472,24.5,,,"1,366,649",47.57,7
EB,8.56,8.749,8.38,,,"1,190,156",22.9,5.71
EBF,17.46,17.58,17.25,,,"89,551",22.21,13.98
EBIX,22.67,23.35,22.43,,,"215,712",46.5,8.75
EBS,88.97,93.62,88.32,,,"9,626,514",107.16,39.11
EBSB,12.03,12.33,11.85,,,"102,185",20.86,8.88
EBTC,22.2,22.5,21.83,,,"3,461",34.75,19.275
ECHO,26.11,26.77,25.085,,,"509,442",24.64,14.17
ECOL,35.08,35.3,34.01,,,"188,775",67.24,24.94
ECOM,14.89,15.7,14.79,,,"377,030",17.795,4.3901
ECOR,1.68,1.88,1.5905,,,"5,653,864",5.64,0.3201
ECPG,35.33,35.8,34.81,,,"187,361",40.16,15.27
EDIT,30.33,31.1,29.72,,,"809,969",36.78,14.01
EE,68.15,68.16,68.095,,,"396,902",74.44,61.74
EEX,2.78,2.88,2.71,,,"180,757",12.66,1.5
EFC,12.24,12.42,12.1,,,"160,996",19.12,3.2408
EFSC,30.46,30.56,29.675,,,"62,206",48.81,21.7003
EGAN,10.26,10.53,10.17,,,"147,178",12.12,4.8
EGBN,32.1,32.56,30.81,,,"141,480",49.84,23.08
EGHT,16.64,17.07,16.49,,,"1,334,173",26.67,10.7
EGLE,2.08,2.125,2,,,"259,504",5.15,1.27
EGOV,21.935,22.42,21.84,,,"315,318",25.94,15.49
EGP,121.7,123.54,119.75,,,"164,250",142.69,83.3994
EGRX,48.88,49.88,48.41,,,"104,473",64.94,33.8
EHTH,114,118.05,112.1935,,,"1,029,852",152.1862,52.71
EIDX,44.82,46.13,43.57,,,"47,345",66.5587,28
EIG,32.64,32.85,31.85,,,"173,230",45.23,25.53
EIGI,6.25,6.44,6.131,,,"639,438",6.355,1.31
EIGR,10.1,10.5,9.8,,,"435,559",15.82,4.55
ELF,18.05,18.59,17.84,,,"661,010",20.95,7.58
ELOX,3.03,3.145,2.97,,,"51,343",9,1.44
ELVT,1.76,1.81,1.7,,,"428,280",5.98,0.89
ELY,18.28,18.495,17.65,,,"2,471,227",22.33,4.75
EME,64.22,65.08,63.22,,,"333,248",93.54,41.85
EML,17,17.5,16.75,,,"5,919",31.965,15.28
ENDP,3.33,3.385,3.29,,,"3,431,360",7.1,1.97
ENOB,4.07,4.3899,4.04,,,"84,950",13.43,1.95
ENPH,61.67,65.43,60.3,,,"3,992,500",70.36,17.18
ENS,66.67,67.62,65.91,,,"132,677",78.9698,35.2083
ENSG,45.695,46.57,45.26,,,"226,325",58.915561,24.06
ENTA,48.82,49.49,48.58,,,"127,333",82.98,38.4
ENV,80.29,82.51,80.02,,,"192,341",87.75,45.53
ENVA,14.24,14.46,14.04,,,"126,343",29.33,7.84
ENZ,2.48,2.64,2.44,,,"777,080",4.85,1.56
EOLS,3.34,3.42,3.22,,,"472,946",19,3
EPAY,49.32,50.26,48.428,,,"161,543",57.22,27.82
EPC,30.18,30.45,29.32,,,"312,003",38.97,20.51
EPM,2.73,2.8874,2.7112,,,"74,627",6.77,2.1206
EPRT,15.18,15.335,14.71,,,"534,465",29.343,6.08
EPZM,14.18,14.76,14.03,,,"740,975",27.82,9.735
EQBK,14.61,14.67,14.065,,,"43,446",31.91,12.49
ERI,38.24,0,0,,,0,70.74,6.02
ERII,7.78,7.86,7.6427,,,"129,596",11.72,6.11
EROS,3.53,3.6257,3.44,,,"2,029,149",4.91,1.1
ESCA,15.45,15.69,15.27,,,"28,276",15.5,4.69
ESE,87.93,88.705,86.62,,,"71,921",107.1,62.64
ESGR,176.92,177.84,174.57,,,"33,223",213.99,94.58
ESNT,35.94,36.76,35.51,,,"679,908",55.84,17.52
ESPR,44.09,46.4,43.77,,,"461,080",76.98,24.82
ESQ,16.24,16.655,15.42,,,"42,883",28.89,10.83
ESSA,13.03,13.21,13.03,,,"2,678",17.73,9.7
ESTE,3.09,3.2,3.07,,,"168,323",7.23,1.44
ESXB,5.13,5.15,5.05,,,"47,519",9.75,4
ETH,11.94,12.2304,11.92,,,"261,768",21.3,8.38
ETM,1.51,1.55,1.47,,,"901,580",5.82,0.75
EVBG,134.89,143.4,134.77,,,"282,659",165.79,59.85
EVBN,22.76,23.44,22.75,,,"5,493",41.75,20.5
EVC,1.52,1.53,1.48,,,"77,065",3.48,1.1
EVER,48.29,51.7308,47.68,,,"289,103",63.44,13.0902
EVFM,2.9,2.975,2.88,,,"1,381,048",7.5,2.73
EVH,10.49,10.85,10.22,,,"1,356,507",12.0076,3.5
EVI,23.15,24.22,22.7,,,"14,847",36.52,13.7852
EVLO,4.16,4.45,4.07,,,"62,769",9.265,3.01
EVOP,23.87,24.14,23.6,,,"212,283",31.93,10.12
EVRI,5.95,6.28,5.69,,,"5,327,806",14.8759,1.55
EVTC,31.61,31.735,30.48,,,"970,858",37.38,18.2101
EXLS,64.64,65.62,64.2,,,"149,646",79.775,40.61
EXPI,20.89,21.2211,20.17,,,"576,152",20.19,6.51
EXPO,80.93,82.44,80.62,,,"204,860",83.54,58.03
EXPR,1.24,1.32,1.23,,,"2,500,967",6.24,1.24
EXTN,5.28,5.31,5.11,,,"165,185",14.89,3.24
EXTR,4.62,4.7,4.54,,,"629,091",8.5,1.43
EYE,32.03,32.8,31.625,,,"375,342",39.88,11.7
EYPT,0.7402,0.7845,0.74,,,"213,820",2.69,0.655
EZPW,5.81,5.97,5.595,,,"766,441",10.2,3.41
FARM,5.94,6.25,5.88,,,"99,505",17.38,5.79
FARO,57.89,58.01,56.02,,,"78,870",64.99,35.15
FATE,32.52,33.81,32,,,"492,597",38.52,12.59
FBC,29.37,29.75,29.07,,,"217,249",40,16.76
FBIZ,14.72,14.92,14.71,,,"15,595",27.35,12.86
FBK,25.38,25.52,24.89,,,"181,243",40.33,14.38
FBM,14.56,15.03,14.495,,,"137,176",22.14,7.99
FBMS,20.72,20.98,20.03,,,"35,856",35.88,15.27
FBNC,22.56,22.57,22.145,,,"198,959",41.34,17.319
FBP,5.95,6.045,5.6,,,"2,095,601",11.1,3.5
FC,18.57,18.7,18.22,,,"71,230",41.85,12.61
FCAP,58,59.5,58,,,"4,062",81.71,42.72
FCBC,21.29,21.5622,21.12,,,"16,211",34.15,18.06
FCBP,15.59,15.85,15.12,,,"23,337",27.39,10.25
FCCY,12.26,12.42,12.03,,,"2,332",22.9053,9.01
FCF,8.06,8.145,7.75,,,"652,900",14.93,6.77
FCFS,65.3,66.25,64.78,,,"328,983",105,60.04
FCN,112.21,115.275,111.75,,,"331,579",144.1,96.31
FCPT,23.24,23.67,22.8105,,,"349,800",32.5,12.8
FDBC,51.28,51.28,50.91,,,886,70,30.5
FDP,23.94,24.09,23.66,,,"154,915",38.79,20.25
FELE,53.62,54.39,53.14,,,"147,716",61.49,41.25
FET,0.4908,0.51,0.475,,,"1,670,916",2.745,0.1501
FF,12.96,12.99,12.52,,,"150,684",14.87,8.75
FFBC,14.21,14.34,13.82,,,"336,162",26.19,10.83
FFG,36.5,36.67,35.89,,,"18,815",64.25,29.01
FFIC,11.72,11.75,11.38,,,"161,476",22.97,8.86
FFIN,29.56,29.84,28.94,,,"325,909",36.45,20.7
FFNW,8.75,9,8.6,,,"39,213",15.47,7.9001
FFWM,16.26,16.4,16,,,"689,282",17.64,8.01
FGBI,12.04,12.04,12.04,,,878,22.38,11.29
FGEN,42.88,43.8955,42.47,,,"387,541",48.95,22.65
FI,2.22,2.2899,2.06,,,"1,350,459",5.88,1.66
FIBK,30.51,30.76,29.86,,,"109,425",43.83,24.5
FISI,15.8,16.0479,15.56,,,"48,336",33.28,12.78
FIT,6.87,6.87,6.6,,,"20,919,003",7.26,2.81
FIVN,112.82,118.2,112.03,,,"354,974",122.19,46.215
FIX,42.02,42.3,41.765,,,"207,496",53.66,27.54
FIXX,15.3,16.38,15.12,,,"515,840",24,11.05
FIZZ,67.2,68.75,66.69,,,"122,297",68.865,35.71
FLDM,6.04,6.45,5.92,,,"1,239,207",12.26,1.17
FLIC,14.96,15.06,14.79,,,"65,923",25.53,12.155
FLMN,2.83,2.92,2.81,,,"83,088",8.3294,1.6
FLNT,1.91,1.99,1.91,,,"36,407",5.62,1.02
FLOW,39.32,40.45,38.08,,,"531,728",49.94,15.74
FLWS,25.3,26.76,25.12,,,"622,822",27.66,11.15
FLXN,12.77,13.1,12.36,,,"434,219",22.98,5.01
FLXS,15.04,15.26,14.78,,,"37,401",21.31,7.81
FMAO,21.97,22.36,21.78,,,"4,455",31.8,17.4
FMBH,24.96,25.17,24.61,,,"15,645",36.25,18.6
FMBI,12.66,12.86,12.34,,,"669,216",23.64,10.31
FMNB,10.79,10.94,10.695,,,"51,074",16.5,9.82
FN,69.23,69.2699,67.97,,,"282,961",71.22,44
FNCB,5.84,5.94,5.83,,,"5,141",9.41,5.08
FNHC,9.35,9.76,9.27,,,"49,691",16.87,9.4549
FNKO,6,6.19,5.91,,,"1,075,993",27.89,3.12
FNLC,21.77,21.78,21.4,,,"4,134",30.64,17.6156
FNWB,11.82,11.97,11.5,,,"8,161",18.25,8.77
FOCS,37.88,38.78,37.71,,,"346,911",39.33,12.17
FOE,12.04,12.19,11.8,,,"296,487",15.27,7.52
FOLD,14.73,15.355,14.63,,,"2,571,076",16.13,6.25
FOR,17.15,17.36,16.68,,,"95,279",23.11,9.43
FORM,31.32,32.12,30.84,,,"631,671",33.07,16.25
FORR,33.01,33.365,31.8,,,"32,009",50.51,22.45
FOSL,3.97,4.15,3.93,,,"863,663",14.115,2.69
FOXF,86.14,89.74,85.11,,,"328,546",91.84,34.58
FPI,7.12,7.17,7.04,,,"66,419",7.5,5.0502
FPRX,5.91,6.2,5.82,,,"282,851",7.34,1.75
FR,40.81,41.84,40.19,,,"1,889,181",46.12,25.89
FRAF,25.15,25.32,24.63,,,"4,706",38.99,20.27
FRBA,6.77,6.8516,6.66,,,"11,229",11.7,6
FRBK,2.23,2.25,2.2,,,"60,050",4.96,1.8
FRGI,6.525,6.56,6.26,,,"165,216",11.4,2.72
FRME,26.1,26.34,25.19,,,"267,081",42.48,21.18
FRPH,40.62,40.89,40.49,,,"14,072",54,30
FRPT,88.29,91.18,87.87,,,"152,346",91.955,35.95
FRTA,13.33,13.39,13,,,"156,113",15.42,3.45
FSB,26.5,26.62,25.91,,,"105,977",39,14.8607
FSBW,34.15,35.97,34.15,,,"7,580",64.41,27.5
FSCT,28.95,28.96,28.92,,,"891,276",40.06,18.1
FSP,4.87,4.99,4.81,,,"424,536",8.97,3.79
FSS,30.1,30.44,29.59,,,"248,592",35.75,23.32
FSTR,12.8,12.91,12.74,,,"17,755",27.8,7.9601
FTK,1.64,1.67,1.57,,,"143,504",3.25,0.6569
FTSI,7.25,7.6,7.06,,,"49,546",91.8,3.4
FUL,44.77,45.26,44.58,,,"660,696",52.4,23.68
FULT,10.28,10.32,9.96,,,"994,915",18,8.91
FVCB,10.81,11.03,10.76,,,"22,936",19.62,9.27
FWRD,50.25,50.32,48.96,,,"108,981",72.09,39.59
GABC,30.17,30.23,29.63,,,"56,813",36.17,23.54
GAIA,9.39,9.77,9.23,,,"95,623",10.49,4.7
GALT,2.675,2.79,2.61,,,"160,559",4.5,1.5
GATX,63.17,63.63,62.06,,,"271,782",86.01,50.6914
GBCI,36.23,36.26,34.77,,,"512,522",46.54,26.66
GBL,12.01,12.9242,12.01,,,"7,885",20.9,9.03
GBLI,23.94,24.1,23.5,,,"15,433",34.65,21.75
GBT,72.08,74.06,71.44,,,"341,129",87.54,39.95
GBX,26.7,26.99,25.87,,,"665,831",34.3,12.89
GCAP,6.13,6.15,6.12,,,"134,553",6.72,3.3
GCBC,22.31,22.95,22.18,,,"5,834",30.25,15.01
GCI,1.44,1.45,1.32,,,"2,105,757",11.35,0.63
GCO,19,19.08,17.1001,,,"393,972",53.2,5.515
GCP,22.28,22.61,21.99,,,"241,710",24.31,14.24
GDEN,8.87,9.03,8.6,,,"214,008",21.67,3.55
GDOT,52.4,54.39,52.08,,,"629,208",53.13,14.2
GDP,7.01,7.14,6.763,,,"10,497",12,2.395
GEF,37.22,37.33,36.71,,,"121,416",50.37,23.65
GEF/B,41.71,42.045,41.57,,,"3,226",56.5,30.89
GEN,0.8007,0.8499,0.79,,,"863,587",1.8595,0.58
GENC,11.97,12.09,11.89,,,"10,540",13.5,9.38
GEO,11.06,11.11,10.8987,,,"1,280,829",18.64,9.95
GEOS,7.87,7.94,7.59,,,"41,321",17.66,4.61
GERN,1.89,1.96,1.85,,,"1,817,179",2.4,0.75
GES,10.97,11.03,10.52,,,"922,044",23.58,3.64
GFF,20.28,20.51,19.71,,,"133,243",25.5,9.15
GFN,6.53,6.59,6.02,,,"82,372",11.24,4.62
GHL,11.42,11.47,10.9,,,"88,261",23.08,7.28
GHM,12.38,12.53,12.195,,,"11,879",23.77,10.36
GIII,11.84,12.22,11.03,,,"1,613,884",34.42,2.96
GKOS,41.09,41.61,40.31,,,"572,865",84.65,23.31
GLDD,8.58,8.7116,8.5,,,"363,287",11.96,6.75
GLNG,7.8,8.02,7.13,,,"1,483,453",18.1,4.54
GLOG,3.2,3.2,3.05,,,"411,116",15.16,2.55
GLRE,6.98,7.01,6.83,,,"197,727",11.26,5
GLT,16.42,16.61,16.13,,,"88,854",19.03,9.44
GLUU,9.05,9.59,8.88,,,"4,013,163",10.8487,3.98
GLYC,4.7,4.98,4.55,,,"608,214",9.53,1.82
GME,4.11,4.305,4.06,,,"3,237,228",6.92,2.57
GMED,48.64,48.99,47.66,,,"576,666",60.15,33.41
GMRE,12.05,12.055,11.8,,,"224,798",15.95,6.98
GMS,24.49,25.05,24.26,,,"295,836",32.42,10.3881
GNE,8.48,8.49,8.38,,,"71,961",11.45,4.6
GNK,6.08,6.23,5.91,,,"197,221",11.82,4.27
GNL,16.5,16.71,16.3,,,"356,498",21.71,8.77
GNLN,3.13,3.46,3.045,,,"158,569",9.68,1.0184
GNMK,17.93,18.94,17.76,,,"924,109",19.83,3.36
GNRC,136.82,139.49,135,,,"843,056",139.91,69
GNTY,27.13,27.37,26.56,,,"7,888",34.16,20.02
GNW,2.2,2.26,2.16,,,"2,771,277",4.93,1.87
GOGO,3.22,3.34,3.15,,,"1,575,295",7.23,1.33
GOLF,37.64,38.3999,37.15,,,"301,432",37.75,20.65
GOOD,18.68,19.08,18.44,,,"98,438",23.98,7.59
GORO,4.65,4.87,4.59,,,"1,407,082",6.24,2.02
GOSS,13.91,14.4772,13.715,,,"302,028",27.1497,7.52
GPI,84.43,86.57,82.99,,,"402,693",110.11,26.255
GPMT,6.9,7.17,6.8499,,,"629,398",19.27,1.74
GPOR,1.14,1.16,1.07,,,"3,203,114",3.98,0.35
GPRE,12.05,12.22,11.86,,,"372,111",16.49,3.77
GPRO,5.16,5.35,5.1223,,,"1,909,598",5.79,2
GPX,8.26,8.39,8.05,,,"22,324",16.68,5.2
GRBK,14.17,14.75,14.07,,,"340,512",14.21,5.6606
GRC,32.19,32.375,31.27,,,"88,338",39.6,21.49
GRIF,50.41,52.65,50.27,,,"11,301",57.45,28.6711
GRPN,16.43,16.88,16.12,,,"988,916",71.2,9.6
GRTS,3.59,3.79,3.52,,,"789,704",12.96,3.5
GSBC,39.01,39.07,37.652,,,"60,484",64.48,32.23
GSHD,81.75,83.96,80.235,,,"74,413",87.55,37.26
GSIT,6.76,6.89,6.7,,,"35,840",9,4.75
GTHX,18.27,18.9,18,,,"507,027",41.8,8.8
GTLS,65.19,65.87,60,,,"1,947,111",77.4,15
GTN,14.62,14.695,14.26,,,"739,832",23.07,8.53
GTS,19.26,19.83,19.22,,,"63,089",27.64,9.13
GTT,7.05,7.17,6.5501,,,"625,069",15.77,4.67
GTY,29.85,30.98,29,,,"177,330",33.75,16.36
GTYH,3.57,3.64,3.52,,,"48,748",7.3899,2.81
GVA,19.14,19.45,18.59,,,"398,055",44.89,8.9
GWB,14.2,14.26,13.35,,,"480,233",36.65,10.86
GWGH,6.76,6.97,6.76,,,"1,216",11.4699,6.5
GWRS,10.79,10.97,10.5001,,,"25,567",14.99,8.51
HA,13.52,13.93,12.835,,,"1,202,859",31.34,7.55
HAE,92.05,93.5,91.38,,,"499,859",140.36,63.41
HAFC,9.52,9.58,9.17,,,"219,938",21.93,7.15
HALL,3.34,3.47,3.25,,,"280,367",20.3,2.28
HALO,27.22,28.13,27.17,,,"877,187",29.34,12.71
HARP,13.64,14.19,13.33,,,"100,149",25.02,10.27
HASI,34.28,35.67,34.14,,,"953,851",39.91,15.0101
HAYN,22.16,22.5,21.74,,,"93,908",39.04,17.6137
HBB,10.35,10.73,10.325,,,"27,896",21.22,6.68
HBCP,25.31,25.675,25.12,,,"10,321",40.8,18.57
HBMD,10.18,10.24,9.93,,,"370,330",19.2,8.44
HBNC,10.025,10.115,9.86,,,"133,178",19.48,7.42
HCC,15.71,15.995,15.25,,,"964,270",26.5,9.4601
HCCI,14.63,15.57,14,,,"87,257",32.58,11.295
HCI,44.87,46.48,44.74,,,"34,059",49.98,31.61
HCKT,14.42,14.5,14.11,,,"154,867",18.9,9.5
HCSG,26.41,27.13,25.44,,,"1,246,952",31.3,15.8
HEES,18.94,19.03,18.63,,,"181,516",37.85,9.12
HELE,190.23,195.89,189.57,,,"145,592",209.9899,104.015
HFFG,8.88,8.975,8.72,,,"91,124",27.97,5.04
HFWA,20.79,21.15,19.82,,,"268,050",29.29,14.65
HI,28.8,28.87,27.32,,,"505,553",35.8,13.61
HIBB,24.4,25,23.93,,,"413,841",30.98,7.33
HIFS,176.94,180,176.94,,,"2,360",216.82,125.55
HL,5.13,5.34,4.96,,,"21,735,719",5.46,1.38
HLI,56.41,56.85,55.96,,,"359,687",64.84,41.8
HLIO,37.19,37.64,36.34,,,"48,771",49.49,29.0268
HLIT,5.64,5.67,5.1008,,,"753,742",8.57,4.44
HLNE,72.52,74.15,71.24,,,"193,760",76.31,36.27
HLX,4.85,5.34,4.4,,,"17,511,842",10,0.99
HMHC,2.2,2.42,2.16,,,"5,401,945",6.85,1.03
HMN,38.56,38.76,38.1,,,"131,492",48.15,30.48
HMST,24.34,24.37,23.32,,,"258,971",35.44,18.44
HMSY,32.32,32.79,32.1,,,"325,669",40.67,18.195
HMTV,9.28,9.35,9.22,,,"34,799",15.34,8
HNGR,18.22,18.4954,17.715,,,"144,564",28.16,11.31
HNI,32.14,32.595,30.8,,,"522,846",42.9,16.605
HNRG,0.6605,0.681,0.6431,,,"557,382",5.87,0.6
HOFT,21.45,21.575,21.12,,,"57,979",26.07,12.3
HOMB,17,17.12,16.53,,,"747,443",21.0398,9.71
HOME,8.27,8.91,7.8101,,,"4,250,895",10.55,1.2
HONE,8.87,8.88,8.06,,,"349,850",11.2,6.45
HOOK,11.56,12.23,11.55,,,"181,739",14.3662,5.8
HOPE,8.74,8.765,8.39,,,"1,329,918",15.51,7.06
HPR,0.3953,0.4491,0.3831,,,"9,206,762",1.98,0.155
HQY,56.03,56.83,55.275,,,"682,133",88.78,34.4
HR,29.02,29.29,28.6,,,"993,853",37.97,24.1
HRI,37.29,37.775,35.5001,,,"481,641",50.81,11.8106
HRTG,11.92,12.3,11.84,,,"150,731",15.61,7.5
HRTX,16.75,17.43,16.7,,,"666,073",26.81,9.6
HSC,15.42,15.45,14.88,,,"778,628",26.21,4.19
HSII,21.39,21.53,21.09,,,"69,591",33.21,17.99
HSKA,99.66,100.3144,98.5,,,"39,713",110.9,50
HSTM,21.93,22.225,21.54,,,"109,666",29.78,20.03
HT,5.08,5.12,4.92,,,"631,802",17.01,2.29
HTBI,14.35,14.41,14.01,,,"30,527",27.79,11.75
HTBK,7.07,7.15,6.89,,,"351,133",13.14,6.04
HTH,18.74,18.9,18.1,,,"347,518",26.28,11.05
HTLD,20.45,20.52,19.91,,,"980,054",22.75,15.65
HTLF,31.475,31.81,30.57,,,"96,500",51.85,25.256
HTZ,1.67,1.82,1.6,,,"15,156,616",20.85,0.4
HUBG,51.66,52.24,51.04,,,"253,371",60.415,36.51
HUD,4.42,4.62,4.33,,,"370,028",15.87,2.26
HURC,28.01,28.65,28.01,,,"7,881",39.38,20.39
HURN,44.24,44.86,42.68,,,"144,998",70.91,35.15
HVT,14.01,14.14,13.905,,,"187,884",21.43,9.81
HWBK,17.66,18.18,17.66,,,"2,598",25.548077,12.932692
HWC,19.72,20.17,18.865,,,"813,080",44.42,14.32
HWKN,47.69,48.13,47.12,,,"47,510",48.15,26.82
HY,38.25,38.32,37.07,,,"42,154",65.405,30.25
HZO,28.45,30.45,27.455,,,"1,034,043",28,7.245
IBCP,13.43,13.61,13.26,,,"134,240",23.93,9.19
IBOC,31.64,31.92,30.98,,,"114,124",44,15.6
IBP,79.46,83.41,78.54,,,"246,643",82.54,29.0201
IBTX,42.61,42.96,41.17,,,"376,969",63.16,20.35
ICD,4.02,4.15,3.89,,,"334,628",37.8,1.08
ICFI,65.39,66.01,64.98,,,"47,937",95.24,47.7514
ICHR,30.19,30.39,28.92,,,"352,370",39.83,13.68
ICPT,45.5,46.2,45.04,,,"778,567",125,42.19
IDCC,59.36,60.06,58.98,,,"125,694",66.57,31.04
IDEX,1.3,1.36,1.3,,,"7,021,614",3.98,0.276
IDT,6.5,6.69,6.4701,,,"69,199",11.84,4.81
IESC,24.28,24.6282,24.21,,,"22,396",27.78,13.7297
IHC,32.89,32.89,32.2,,,"1,853",43.6,22
III,2.03,2.08,2.01,,,"52,561",3.7633,1.6086
IIIN,19.905,20.08,19.54,,,"92,469",26.61,10
IIIV,27.44,28.3,27.01,,,"71,946",37.8525,13.01
IIN,11.98,12.3,11.85,,,"33,047",22.47,9.84
IIPR,97.5,99.643,95,,,"445,702",115.82,40.21
IIVI,46.17,46.98,45.4176,,,"1,568,838",51.9,19
ILPT,20.85,21.11,20.59,,,"330,761",24.18,12.95
IMAX,12.84,12.97,12.44,,,"738,840",22.88,6.01
IMGN,4.41,4.61,4.39,,,"1,713,616",7.07,1.95
IMKTA,40.94,41.35,40.37,,,"98,397",49.1443,30.24
IMMR,6.195,6.6,6.19,,,"369,445",8.66,4.231
IMMU,42.24,44.11,41.9201,,,"1,217,904",44.48,8.8
IMXI,13.65,13.93,13.51,,,"51,480",16.1,6.46
INBK,14.92,15.47,14.57,,,"138,194",28.5,10.47
INDB,67.58,67.96,65.82,,,"113,572",87.11,50.45
INFN,7.8,7.84,7.51,,,"4,235,591",8.35,3.45
INGN,32.98,34.085,32.12,,,"504,015",76.89,31.21
INN,5.47,5.54,5.34,,,"656,800",12.59,2.32
INO,24.58,26.23,24.15,,,"15,118,531",33.79,1.915
INOV,21.64,22.75,20.71,,,"1,156,940",22.99,13.39
INS,31.85,32.54,31.71,,,"29,147",56.24,23.26
INSE,3.42,3.54,3.39,,,"107,580",8.65,1.87
INSG,11.12,11.395,10.85,,,"2,710,444",15.15,3.61
INSM,26.09,26.855,25.91,,,"534,744",34.94,12.09
INSP,101.18,105.535,100.73,,,"224,773",103.06,40.53
INSW,17.12,17.53,16.45,,,"190,284",31.39,14.89
INT,23.83,24.07,23.4,,,"498,907",44.37,20.04
INVA,13.57,13.925,13.515,,,"414,837",15.62,7.58
INWK,2.78,2.82,2.74,,,"1,068,034",5.81,0.87
IOSP,79.57,80.22,78.48,,,"75,591",107.845,56.71
IOVA,27.75,29.26,27.5,,,"1,250,608",41.49,17.67
IPAR,44.23,44.96,42.15,,,"150,656",81.4,34.2
IPHI,122.36,126.49,120.3126,,,"600,519",133.4721,55.72
IPI,0.93,0.97,0.9065,,,"768,174",3.87,0.6
IRBT,74.06,79.42,73.61,,,"1,720,624",89.26,32.79
IRDM,26.7,26.75,25.95,,,"616,902",32.08,16.87
IRET,71.44,72.88,70.13,,,"55,899",85.24,43.58
IRMD,23.75,24.26,23.645,,,"31,297",28.43,14.415
IRT,11,11.31,10.795,,,"461,312",16.85,6.8601
IRTC,123.59,125.99,117.72,,,"365,394",136.55,56.24
IRWD,9.8,10.02,9.72,,,"1,910,600",14.1,7.91
ISBC,8.54,8.55,8.3,,,"1,634,316",12.74,6.31
ISTR,13.6,13.8,13.57,,,"4,164",26.46,8.49
ITCI,21.36,22.055,21.24,,,"561,068",43.56,6.75
ITGR,71.6,72.58,70.83,,,"122,057",99.95,46.01
ITI,4.585,4.68,4.51,,,"170,332",6.69,2.08
ITIC,124.5,127,123.51,,,"2,147",182.5171,96.45
ITRI,69.75,70.49,68.7803,,,"207,698",88.32,40.48
IVC,7.19,7.53,6.95,,,"208,669",11.63,3.9
IVR,3.43,3.49,3.3498,,,"5,188,860",18.3,1.8201
JACK,77.51,79.14,76.4369,,,"314,407",93.12,16.81
JAX,3.94,4.03,3.89,,,"48,421",12.01,3.03
JBSS,87.59,88.17,87.34,,,"43,272",107.86,66.35
JBT,91.81,92.4956,87.17,,,"182,133",127.97,56.17
JCAP,13.99,14.15,13.77,,,"94,446",20.93,8.83
JCOM,55.76,56.58,55.33,,,"638,332",104.57,54.46
JELD,18.96,19.25,18.6001,,,"672,640",26.995,6.06
JILL,0.6598,0.8033,0.6503,,,"3,725,333",2.58,0.31
JJSF,130.47,131.34,128.68,,,"84,465",196.84,105.67
JNCE,5.07,5.25,4.99,,,"131,554",10,2.79
JOE,19.93,20.1399,19.61,,,"193,864",23.38,15.3241
JOUT,89.67,93.59,88.58,,,"22,732",94.9,48.76
JRVR,47.91,48.04,46.96,,,"224,058",52.18,25.34
JYNT,14.195,14.64,13.67,,,"97,823",21.75,7.67
KAI,119.34,119.51,116.51,,,"27,669",120.6628,52.7117
KALA,10.255,10.995,10.1716,,,"733,545",14.68,3.24
KALU,67.89,72.1,67.28,,,"262,148",117.06,54.54
KALV,12.54,13.12,12.42,,,"75,107",18.9599,5.605
KAMN,41.68,42.33,41.02,,,"112,577",68.24,29.375
KBAL,11.24,11.26,10.93,,,"105,159",22.4,8.19
KBH,33.09,34.74,32.445,,,"2,016,957",40.51,9.82
KBR,22.46,22.86,22.395,,,"1,418,790",31.92,12
KDMN,3.85,4.02,3.832,,,"2,420,220",5.5,2.04
KE,13.51,13.8056,13.18,,,"51,950",18.49,9.78
KELYA,15.58,15.8,15.24,,,"170,138",28.91,10.13
KFRC,28.68,29.11,27.93,,,"192,183",42.6399,20.6
KFY,30.14,30.77,29.98,,,"590,512",43.99,21.45
KIDS,41.71,42.345,40.74,,,"130,076",51.48,28.19
KIN,4.03,4.0981,3.97,,,"157,274",11.93,3.105
KLDO,6.17,6.6601,6.16,,,"124,788",10.356,2.82
KLXE,2.335,2.43,2.15,,,"1,078,088",18.02,0.505
KMT,27.23,27.47,26.53,,,"490,002",38.733,14.4506
KN,15.14,15.31,15.02,,,"578,473",22.79,11.1
KNL,12.74,12.895,12.3,,,"322,193",28.3,7.74
KNSA,20.73,21.88,20.42,,,"573,117",28.67,5.01
KNSL,168.02,171.425,164.0318,,,"122,280",167.09,80.93
KOD,45.1,47.86,44.61,,,"301,094",82.7492,9.47
KOP,21.35,21.61,20.65,,,"167,297",44.75,8.25
KPTI,18.62,19.4,18.34,,,"1,414,201",29.61,7.55
KRA,18.26,18.36,17.83,,,"146,366",35,4.45
KREF,16.79,17.13,16.72,,,"142,794",22.03,6.84
KRG,9.79,10.105,9.65,,,"364,007",19.77,6.87
KRNY,7.67,7.7,7.38,,,"223,779",14.4,7.225
KRO,10.86,11.02,10.75,,,"157,831",15.09,6.805
KRYS,41.22,42.27,40.8559,,,"72,977",66.85,31.89
KTB,17.65,17.98,17.17,,,"392,155",43.235,12.905
KTOS,17.81,18.84,17.3,,,"4,295,175",25.08,5
KURA,17.34,17.52,16.88,,,"364,805",20,6.35
KVHI,8.2,8.34,8.1,,,"74,300",11.64,6.36
KW,15.58,15.91,15.49,,,"247,939",23.5,10.98
KWR,206.64,208.26,202.92,,,"122,488",207.73,108.14
KZR,4.88,5.05,4.77,,,"255,516",9.79,2.18
LAD,220.59,231.36,212.28,,,"949,147",211.36,55.74
LADR,7.64,7.78,7.545,,,"660,583",18.969,2.65
LANC,158.78,160.16,156.96,,,"95,378",168.21,114.55
LAND,15.985,16.11,15.81,,,"129,852",16.3683,9.61
LASR,22.8,24.07,22.76,,,"678,465",26.48,9.035
LAUR,11.275,11.52,11.18,,,"1,121,739",21.66,7.3
LAWS,31.23,31.73,31.23,,,"8,057",58.28,24.52
LBAI,10.72,10.77,10.1169,,,"130,044",17.63,8.31
LBC,9.8,9.85,9.66,,,"32,405",11.99,6.76
LBRT,6.6,6.6,6.35,,,"388,989",14.5,2.17
LC,5.61,5.65,5.44,,,"526,068",15.6,4.315
LCI,5.77,5.93,5.58,,,"452,210",15.52,4.89
LCII,120.65,124.32,118.49,,,"115,050",123.505,55.29
LCNB,14.58,14.71,14.43,,,"5,516",19.5,10.03
LCUT,7.09,7.22,6.98,,,"8,079",9.65,3.26
LDL,16.27,16.4837,15.74,,,"124,277",26.99,4.79
LE,8.42,8.62,8.01,,,"239,413",18.39,4.05
LEAF,3.87,4.12,3.77,,,"83,551",6.86,1.03
LEE,0.9002,0.9381,0.889999,,,"180,596",3.09,0.71
LEGH,13.56,14.15,13.44,,,"28,310",17.4986,8.5
LEVL,16.41,16.41,16.28,,,"1,016",26.69,13.445
LFVN,13.31,13.56,13.18,,,"26,882",17.25,7.75
LGIH,112.76,120.54,110.43,,,"354,517",116.8175,33
LGND,122.04,126.65,121.21,,,"244,841",126.3373,57.24
LHCG,188.34,192.43,186.69,,,"224,024",192.16,100
LILA,9.62,9.725,9.51,,,"104,690",19.91,8.21
LILAK,9.44,9.5001,9.32,,,"812,637",19.95,8.02
LIND,7.75,7.81,7.48,,,"241,314",19.29,3.01
LITE,87.47,90.33,86.6868,,,"1,234,729",93.23,48.44
LIVN,57.81,58.1,56.51,,,"970,655",87.45,33.4
LIVX,3.91,4.265,3.8,,,"1,422,509",4.89,0.72
LJPC,4.15,4.35,4.07,,,"509,955",11.41,2.3
LKFN,45.9,46.18,45.06,,,"59,614",50,30.49
LL,21.15,21.79,20.35,,,"1,500,766",20.74,3.77
LLNW,6.11,6.58,6.065,,,"12,789,116",8.19,2.23
LMAT,28.93,29.04,28,,,"128,850",38.64,18.76
LMNR,14.13,14.22,13.7,,,"34,999",21.85,10.6
LMNX,36.7,37.86,36.38,,,"561,964",40.21,17.345
LNDC,9.395,9.56,8.551,,,"173,756",12.46,7.48
LNN,101.22,101.64,98.36,,,"52,323",111.76,71.86
LNTH,16.34,16.5,15.63,,,"706,604",27.12,8.67
LOB,16.11,16.55,15.9,,,"283,424",20.46,7.57
LOCO,15.76,16.13,15.59,,,"272,094",16.65,6.1485
LOGC,8.87,9.14,8.791,,,"52,225",14,3.05
LORL,18.85,19.24,18.72,,,"66,052",42.7678,13.68
LOVE,29.41,31.299,28.73,,,"554,650",32,3.995
LPG,8.18,8.26,7.76,,,"448,393",16.68,6.08
LPI,15.51,15.72,14.79,,,"321,161",1370,10.8402
LPSN,39.37,42.0399,39.14,,,"1,042,609",45.35,14.08
LPX,29.91,30.77,29.575,,,"1,573,809",34.35,12.97
LQDA,6.06,6.7,6,,,"815,689",12.1,2.65
LQDT,5.15,5.33,5.06,,,"228,009",8.34,3.01
LRN,46.33,49.87,45.2802,,,"2,092,039",50.49,15.06
LSCC,29.24,30.25,28.93,,,"973,889",31.33,13.54
LTC,38.21,38.586,37.7501,,,"242,279",53.04,24.49
LTHM,7.04,7.05,6.68,,,"2,817,558",12.29,3.95
LTRPA,2.37,2.46,2.31,,,"644,702",12.41,0.8578
LXFR,13.05,13.1,12.9,,,"90,561",21.4074,10.27
LXP,10.95,11.07,10.85,,,"1,486,163",11.815,7.86
LXRX,1.82,1.9401,1.81,,,"3,187,495",5.76,1.125
LXU,1.09,1.13,1.09,,,"233,476",6.76,1
LZB,28.4,28.86,28.12,,,"214,869",37.48,15.61
MANT,66.47,67.455,66.0175,,,"129,590",93.99,55.2475
MATW,19.83,20.06,19.41,,,"235,171",40.36,17.01
MATX,36.26,36.3,35.58,,,"272,910",42.155,23.75
MAXR,16.36,17.33,16.27,,,"893,495",21.45,6.06
MBI,7.68,7.79,7.58,,,"627,534",10.8999,4.93
MBII,1.18,1.2,1.15,,,"96,098",1.73,0.6101
MBIN,17.06,17.16,16.61,,,"10,995",21.9,12.37
MBIO,3.28,3.4785,3.22,,,"1,042,417",4.85,1.78
MBUU,58.94,60.4599,56.77,,,"383,144",59.93,18.02
MBWM,22.66,22.93,22.09,,,"34,240",37.3168,18.64
MC,30.69,31.065,30.5,,,"519,969",41.27,22.11
MCB,30.77,31.35,30.53,,,"28,415",51.09,15.52
MCBC,7.39,7.47,7.27,,,"69,675",11.42,6.01
MCFT,22.11,23.1199,21.6,,,"166,299",22.98,4.9
MCHX,1.71,1.765,1.7,,,"136,743",4.53,1.1
MCRB,4.42,4.78,4.4,,,"524,333",6.75,2.15
MCRI,34.91,36.4541,33.78,,,"143,050",57.57,12.83
MCS,15,15.18,14.48,,,"205,755",37.64,6.95
MDC,41.11,43.33,40.55,,,"564,042",48.99,15.75
MDCA,2.06,2.13,2.0301,,,"134,335",3.43,1.01
MDGL,108.42,112.67,107.745,,,"64,116",127.25,56.82
MDP,14.39,14.53,13.88,,,"509,658",56.86,10.01
MDRX,7.11,7.18,6.81,,,"1,192,509",11.82,4.56
MEC,7.48,7.7,7.46,,,"8,453",14.815,3.89
MED,166.62,170.42,163.5,,,"328,573",168.59,49.03
MEDP,110.73,114.12,109.77,,,"388,511",111.31,58.72
MEET,6.26,6.2802,6.24,,,"661,305",7,3.07
MEI,29.47,29.79,29.16,,,"173,349",41.7,21.76
MEIP,3.05,3.2,3.01,,,"1,302,267",4.4585,0.72
MESA,3.4,3.47,3.23,,,"718,472",10.85,2.05
METC,2.37,2.4299,2.24,,,"70,555",5.34,1.75
MFIN,3.16,3.24,3.08,,,"34,199",7.4,1.29
MFNC,9.25,9.6,9.21,,,"5,601",17.75,6.52
MG,3.58,3.62,3.44,,,"175,886",16.95,2.77
MGEE,67.5,68,67.1,,,"50,672",83.26,47.19
MGLN,75.59,77.12,74.72,,,"152,300",81.04,30.6
MGNX,25.99,27.43,25.75,,,"261,855",32.18,4.04
MGPI,38.24,38.92,37.6,,,"66,818",69.63,21.64
MGRC,55.98,56.02,54.43,,,"133,121",83.95,44.32
MGTA,7.65,7.9,7.5,,,"287,090",16.19,5.76
MGTX,13.36,14.42,13.005,,,"147,365",29.21,8.82
MGY,6.85,7.06,6.79,,,"1,388,271",13.285,3.23
MHO,39.19,41.8385,38.1,,,"506,917",48.02,9.62
MIK,7,7.32,6.75,,,"4,349,357",11.1,1
MITK,9.59,9.83,9.43,,,"320,463",11.19,5.26
MITT,3.15,3.26,3.115,,,"2,101,987",16.7,1.46
MJCO,13.15,13.15,13.05,,,"44,951",13.69,4.57
MLAB,231.83,233.36,221.98,,,"44,959",271.46,181.9
MLHR,23.75,23.93,23.02,,,"720,650",49.8749,14.39
MLI,28.73,28.89,28.155,,,"288,202",34.11,16.78
MLND,1.99,2.14,1.8882,,,"3,428,266",10.99,1.26
MLP,10.4,10.52,10.16,,,"8,810",13.62,8.5
MLR,29.33,29.4,28.68,,,"41,530",38.18,25.25
MLVF,12.2,12.56,12.13,,,"4,297",23.75,10.06
MMAC,26.4,27.56,26.4,,,"1,248",33,20
MMI,28.03,28.26,27.53,,,"102,522",38.2393,21.9
MMS,72.46,73.69,72.16,,,"222,798",82.02,46.42
MMSI,41.95,42.96,41.36,,,"480,649",55.47,19.5
MNK,2.34,2.38,2.32,,,"2,640,155",7.175,1
MNKD,1.65,1.73,1.63,,,"2,320,450",2.48,0.8
MNLO,1.67,1.791,1.65,,,"2,058,796",7.48,1
MNOV,5.76,5.9,5.655,,,"82,162",9.8213,2.79
MNR,14.25,14.51,14.1,,,"607,292",15.53,8.42
MNRL,11.99,12.44,11.71,,,"370,070",23.29,5.86
MNRO,61.7,62.785,59.32,,,"270,584",87.6,37.0906
MNSB,13.32,13.6,13.3,,,"8,462",24.6,12.31
MNTA,31.05,32.46,30.75,,,"808,791",39.88,9.92
MOBL,5.65,5.93,5.6,,,"710,064",7.79,2.94
MOD,5.21,5.35,5.09,,,"433,588",14.9,2.84
MODN,36.3,37.285,36.03,,,"390,015",39.65,15
MOFG,18.48,18.63,17.96,,,"35,065",39.03,15.25
MOG/A,53.39,54.49,52.81,,,"192,803",96.5,32.49
MOV,10.68,10.81,10.28,,,"172,151",28.78,8.12
MPAA,16.66,16.92,16.575,,,"60,130",24.6,10.43
MPB,17.96,18.13,17.81,,,"2,808",29.88,15.5
MPX,17.89,18.51,15.44,,,"417,900",16.51,6.77
MR,3.96,4.07,3.66,,,"630,261",8.3,1.985
MRC,6.19,6.28,5.92,,,"401,783",16.28,3.31
MRCY,78.81,80.83,78.07,,,"212,661",96.29,52.24
MRKR,2,2.06,1.91,,,"191,920",6.54,1.33
MRLN,7.42,7.91,7.275,,,"41,050",25.44,4.66
MRNS,1.8,1.9215,1.72,,,"2,861,157",3.5,0.95
MRSN,22,23.24,21.91,,,"545,496",24.97,1.32
MRTN,26.61,27.1023,26.24,,,"492,779",30.19,16.01
MRTX,119.73,123.6,118.59,,,"192,222",132.59,66.01
MSA,114.79,116.61,113.96,,,"256,467",142.34,83.57
MSBI,14.66,14.68,14.15,,,"123,747",29.5,12.49
MSEX,67.11,67.77,66.645,,,"33,911",72.41,48.79
MSGN,10.29,10.43,10.02,,,"194,765",19.35,8.515
MSON,13.58,14.22,13.5,,,"39,884",25.2,6.71
MSTR,119.76,122.585,119.34,,,"49,900",165,90
MTDR,9.27,9.295,8.675,,,"4,948,763",19.825,1.11
MTEM,12.54,13.01,12.14,,,"305,185",19.1229,4.51
MTH,89.5,98,87.64,,,"1,170,740",90.8,25.24
MTOR,23.23,23.31,22.45,,,"920,423",27.1799,10.91
MTRN,61.33,61.875,59.4045,,,"142,133",68.75,26.15
MTRX,9.51,9.62,9.22,,,"82,670",24.36,7.11
MTSC,17.82,18.05,17.58,,,"122,669",63.31,13.15
MTSI,37.41,38.19,36.8854,,,"271,350",39.25,15.03
MTW,11.61,11.73,11.42,,,"219,591",18.55,7.24
MTX,47.71,48.3,47,,,"115,956",59.18,27.28
MTZ,40.66,41.98,40.51,,,"470,575",73.71,22.51
MUSA,139.42,141.22,137.75,,,"502,738",140.19,78.75
MVBF,12.85,13.05,12.79,,,"5,710",26.9954,8.22
MWA,10.18,10.28,10.03,,,"594,844",12.71,6.64
MXL,26.37,26.99,25.9,,,"1,083,569",28.1,7.79
MYE,14.75,14.91,14.61,,,"198,098",18.465,6.91
MYGN,12.32,12.52,11.94,,,"711,621",48.4,9.24
MYOK,93.72,96.5,93.01,,,"333,944",126.301,42.65
MYRG,32.67,33.13,32.32,,,"110,820",38.14,16.325
NAT,4.3,4.355,4.19,,,"2,406,901",9,1.66
NATH,52.37,53.99,52.37,,,"4,749",82.18,39.01
NATR,9.83,9.99,9.57,,,"16,539",10.85,5.5
NAV,31.3,31.73,31.24,,,"396,095",38,15.01
NBEV,2.18,2.2,2.05,,,"4,182,586",3.98,0.981
NBHC,28.21,28.88,27.89,,,"140,513",37.97,20.25
NBN,14.75,14.93,14.68,,,"63,070",23.98,6.2
NBR,42.81,43.6775,37.3,,,"1,092,648",167.5,9.79
NBTB,30.27,30.35,29.7,,,"100,228",41.5,26.315
NC,23.21,23.735,23.01,,,"20,530",66.4,21.01
NCBS,56.6,57.08,54.81,,,"28,025",75.99,45.33
NCMI,3.07,3.13,3.03,,,"251,474",9.85,1.62
NCSM,0.5962,0.63,0.58,,,"133,688",3.44,0.3119
NDLS,6.45,6.57,6.36,,,"186,775",9.06,3.14
NE,0.2734,0.2945,0.2706,,,"8,059,453",2.32,0.12
NEO,36.72,37.7,36.43,,,"529,259",37.63,18.52
NEOG,75.32,76.18,74.57,,,"195,858",80.84,48.91
NERV,3.55,3.71,3.515,,,"1,016,635",15.215,1.81
NESR,6.75,6.94,6.6119,,,"125,007",9.53,4.04
NEXT,1.84,1.8767,1.78,,,"82,013",6.78,1.115
NFBK,10.44,10.59,10.03,,,"394,751",17.55,9.38
NG,8.57,8.97,8.44,,,"2,076,943",12.845,4.65
NGHC,33.865,33.92,33.78,,,"854,082",34.48,11.8201
NGM,17.96,18.39,17.67,,,"154,038",23.95,8.81
NGS,6.76,6.97,6.52,,,"41,346",16.63,2.62
NGVC,15.57,16.0685,15.321,,,"154,678",16.69,5.41
NGVT,59.96,60.24,58.49,,,"221,881",104.76,24.92
NHC,60.98,61.72,60.59,,,"20,677",89.545,55.88
NHI,60.57,61.37,59.63,,,"334,064",91.12,31.37
NINE,2,2.0795,1.94,,,"287,452",13.97,0.38
NJR,32.39,32.46,31.78,,,"662,305",50.62,21.14
NKSH,25.77,26.6,25.76,,,"3,438",48.8156,25.69
NL,3.28,3.31,3.22,,,"9,128",5.4532,2.28
NMIH,14.62,15.14,14.46,,,"706,044",35.79,8.06
NMRK,4.09,4.17,3.9737,,,"607,609",13.85,2.49
NNBR,5.39,5.49,5.24,,,"148,586",10.15,1.345
NNI,58.92,59.5,58.7892,,,"111,282",69.97,36.7
NODK,16.07,16.29,15.9,,,"19,363",18.32,10.15
NOG,0.7719,0.8125,0.7624,,,"2,326,554",2.43,0.5
NOVT,104.31,106.84,102.55,,,"71,465",115.33,66.44
NP,48.78,49.245,48.14,,,"52,646",77.55,33.44
NPK,84.37,86.04,84.1,,,"30,673",97.9,66.6
NPO,49.22,49.67,47.91,,,"57,898",73.8,30.04
NPTN,8.64,8.835,8.53,,,"666,223",10.34,4.03
NR,2.06,2.075,1.945,,,"498,397",8.08,0.65
NRC,58.94,60.62,58.62,,,"93,857",71.3525,34
NRIM,23.34,23.49,22.75,,,"26,498",42.28,17.32
NSA,29.74,30.12,29.39,,,"286,545",38.215,19.34
NSIT,50.1,51.32,49.88,,,"287,727",73.22,28.2506
NSP,67.24,68.41,66.61,,,"179,817",144.92,22.59
NSSC,24.46,24.6,23.53,,,"93,517",34.747,13.33
NSTG,35.89,37.42,35.46,,,"219,667",38.4,13.85
NTB,26.6,26.91,25.57,,,"267,224",38.05,13.76
NTCT,26.89,27.28,26.7,,,"277,796",29.62,19.11
NTGR,31.79,33.375,31.35,,,"1,658,004",36.87,15.01
NTLA,19.65,20.525,19.54,,,"680,252",25.56,9.18
NTRA,48.41,49.97,47.67,,,"660,728",51.87,16.87
NUVA,57.92,58.7,57,,,"470,112",81.91,28.55
NVAX,139.59,151.2,134.04,,,"5,904,432",151.2,3.54
NVCR,67.79,69.535,66.59,,,"1,005,667",98.8412,53.4
NVEC,58.19,61.8,58,,,"27,401",76.4,42.85
NVEE,55.36,56.47,54.5601,,,"84,944",85,27
NVRO,131.5,135.32,130.8,,,"205,074",148.05,60.51
NVTA,31.01,33.08,30.9,,,"1,926,977",35.33,7.415
NWBI,10.1,10.12,9.83,,,"631,743",17.74,8.52
NWE,54.76,55.54,54.49,,,"272,102",80.52,45.06
NWFL,25.47,27.2,25.19,,,"3,613",39.69,21.2
NWLI,200.69,202.85,199.13,,,"6,922",297.9995,120.55
NWN,54.86,55,54.05,,,"164,135",77.26,50.36
NWPX,25.62,25.975,25.37,,,"41,891",36.7,18.04
NX,14.42,14.74,14.22,,,"237,109",20.42,7.9001
NXGN,11.79,11.85,11.4,,,"362,562",18.78,5.1
NXRT,35.94,36.4925,35.295,,,"129,879",52.87,21.06
NXTC,9.9,10.586,9.57,,,"1,544,067",109,8
NYMT,2.58,2.64,2.54,,,"2,793,681",6.47,0.9821
OAS,0.7101,0.7438,0.703,,,"13,534,959",5.15,0.24
OBNK,22.11,22.31,20.92,,,"70,635",38.14,15.98
OCFC,16.55,16.81,16.03,,,"399,077",26.09,11.6022
OCN,1.2,1.24,1.17,,,"1,542,211",2.07,0.2811
OCUL,8.64,9.2111,8.46,,,"828,701",9.27,2.46
OCX,1.3,1.37,1.3,,,"574,431",3.51,1.2
ODC,35.8,37.11,35.42,,,"24,311",38.8,27.51
ODP,23.9,24.3,23.22,,,"533,158",29.9,12.3
ODT,37.76,39.41,37.65,,,"41,704",46.4999,18.07
OEC,10.93,11,10.66,,,"288,794",20.78,5.93
OFG,14.35,14.5,13.49,,,"252,156",23.76,8.63
OFIX,31.93,31.98,31.21,,,"81,971",55.17,22.11
OFLX,115.5,117.3,114.015,,,"4,836",120,50.38
OGS,79.04,79.61,77.93,,,"264,855",96.97,63.67
OII,5.81,5.89,5.61,,,"2,096,191",17.9999,2.01
OIS,5.1,5.14,4.83,,,"865,075",17.81,1.52
OLP,17.18,17.6,16.845,,,"51,459",29.24,9.71
OMCL,67.35,68.57,65.21,,,"314,792",94.85,54.24
OMER,14.16,14.58,14.02,,,"277,053",20.92,8.5
OMI,14.91,15.36,12.7501,,,"8,817,144",15.4,2.48
ONB,14.38,14.45,13.96,,,"863,232",18.74,11.19
ONDK,0.7741,0.8095,0.7653,,,"1,049,187",4.71,0.54
OOMA,15.9,16.01,15.5,,,"124,267",19.18,7.45
OPBK,6.37,6.46,6.35,,,"9,331",10.72,5.54
OPI,26.46,26.52,25.845,,,"392,966",35.95,16.5
OPK,5.6,5.9,5.44,,,"24,360,974",6.47,1.1171
OPRX,14.55,14.755,14.21,,,"67,699",17.24,6.5019
OPTN,5.25,5.42,5.15,,,"233,690",11.66,3.28
OPY,22.05,22.2,21.49,,,"93,130",31.82,14.2101
ORA,63.09,63.775,62.61,,,"218,092",87.07,55.2161
ORBC,3.705,3.77,3.66,,,"239,212",8.16,1.24
ORC,5.1,5.22,5.02,,,"649,136",6.94,1.53
ORGO,3.91,4.05,3.87,,,"77,231",8.3359,2.4722
ORRF,14.24,14.38,13.98,,,"6,151",23.48,11.4
OSBC,8.53,8.88,7.89,,,"157,176",13.77,5.96
OSG,2.27,2.27,2.15,,,"500,337",2.81,1.51
OSIS,68.75,69.56,68,,,"99,505",114.58,49.955
OSMT,5.62,5.965,5.59,,,"506,508",9.67,2.7
OSPN,28.73,29.46,28.38,,,"264,064",29.7,10.88
OSTK,52.98,57.17,51,,,"4,190,557",55.29,2.53
OSUR,16.85,17.395,16.57,,,"1,078,693",18.27,5.23
OSW,5.535,5.54,5.21,,,"369,480",17.25,2.45
OTTR,39.35,39.5,38.83,,,"107,833",57.74,30.9547
OVBC,20.26,20.26,20.26,,,700,41.5,19.2
OVLY,12.13,12.13,12.13,,,"1,071",19.95,10.72
OXM,44.14,45,43.37,,,"77,133",80.55,30.3713
PACB,3.92,4.18,3.86,,,"1,680,219",5.94,2.2
PACD,0.51,0.55,0.4825,,,"7,001,420",9.8,0.3456
PAHC,23.93,24.48,23.76,,,"93,906",33.97,16.87
PAR,30.82,32.33,30.195,,,"199,361",35.1,9.635
PARR,8.89,8.99,8.64,,,"398,305",25.69,5.72
PATK,64.92,67.5,63.83,,,"212,110",67.4,16.7
PAYS,9.02,9.37,8.93,,,"445,540",17.46,3.63
PBH,38.17,38.82,38.1,,,"226,868",46.115,27.4
PBI,2.98,2.99,2.81,,,"1,744,926",5.5,1.67
PBIP,12.06,12.4,11.47,,,"23,625",18.6,9.9
PBPB,2.47,2.65,2.41,,,"725,915",6,1.5
PBYI,9.96,10.3745,9.885,,,"400,077",15,5.5
PCB,9.77,9.94,9.575,,,"44,446",17.75,7.31
PCH,42.51,42.905,41.44,,,"1,016,610",45.42,22.4
PCRX,53.87,54.4205,53.14,,,"390,411",59.93,27.46
PCSB,11.57,11.69,11.45,,,"20,326",20.78,11.31
PCYO,8.93,9.1799,8.89,,,"38,319",13.83,7.18
PDCE,15.59,15.839,15.15,,,"982,643",36.49,4.51
PDCO,25.59,26.3,25.47,,,"934,658",26.1,12.93
PDFS,20.3,20.525,19.69,,,"102,617",20.49,8.61
PDLB,10.05,10.05,9.51,,,"7,113",14.85,7.31
PDLI,3.07,3.08,2.9801,,,"1,596,824",3.47,1.710096
PDM,15.92,16.06,15.72,,,"532,725",24.78,12.855
PEB,10.78,10.835,10.185,,,"2,991,115",29.57,5.39
PEBK,17.17,17.7,17.17,,,"5,070",33.1755,13.3
PEBO,20.88,20.9,20.1668,,,"53,450",39.28,17.905
PEI,1.19,1.27,1.17,,,"1,035,461",6.67,0.8026
PENN,33.84,35.53,32.82,,,"8,114,148",40.14,3.75
PETQ,36.22,36.82,35.645,,,"607,975",37.4099,15.83
PETS,31.49,32.64,30.76,,,"1,486,413",42.885,15.12
PFBC,40.63,40.81,38.71,,,"98,802",64.4985,20.04
PFBI,10.98,11.47,10.88,,,"39,554",20.3794,8.21
PFGC,28.02,28.3,27.46,,,"998,427",54.49,7.41
PFIS,37.69,38.3,37.65,,,"4,262",53.88,29.01
PFNX,7.83,8.2,7.71,,,"174,794",14,5.26
PFS,14.62,14.71,14.11,,,"438,086",25.86,9.05
PFSI,44.38,45.19,43.7494,,,"604,475",45.06,13.135
PGC,17.48,17.79,17.165,,,"73,285",31.72,11.15
PGTI,16.87,17.19,16.48,,,"560,795",18.48,6.88
PHAS,5.06,5.34,4.9501,,,"406,413",9.825,2.6
PHUN,1.57,1.59,1.42,,,"5,345,353",3,0.54
PHX,2.54,2.67,2.49,,,"214,765",15.29,2.33
PI,30.12,31.08,29.42,,,"182,484",40.24,11.4701
PICO,8.69,8.9,8.57,,,"25,698",11.41,6.405
PIRS,2.95,3.185,2.95,,,"367,868",6.04,1.6
PJT,53.35,53.505,52.32,,,"104,637",58,23.63
PKBK,11.85,12.19,11.85,,,"30,344",23.136364,9.05
PKE,11.24,11.45,11.1101,,,"122,357",19.29,9.14
PKOH,15.79,16.24,15.69,,,"12,643",36.11,10.78
PLAB,11.69,11.815,11.41,,,"456,946",16.75,8.31
PLAY,13.02,13.37,12.58,,,"4,868,976",48.8,4.605
PLCE,30.75,31.51,30.4,,,"1,059,054",101.62,9.25
PLMR,84.53,88.27,83.1301,,,"264,084",94.78,26.49
PLOW,37.35,37.64,36.1401,,,"87,102",56.8896,24.12
PLPC,51.3,52.49,51.3,,,"1,562",76.6,36.16
PLSE,11.06,11.71,10.96,,,"49,833",17.45,5.11
PLT,19.43,19.7,18.8,,,"964,361",42.44,4.6
PLUG,8.53,8.88,8.37,,,"20,519,136",10.49,1.88
PLUS,75.79,77.83,75.03,,,"53,425",99.63,42.53
PLXS,76.1,79.83,72.95,,,"814,775",86.525,35.16
PMBC,3.7,3.76,3.55,,,"27,826",8.37,2.95
PMT,18.78,19.15,18.73,,,"761,760",23.79,3.5
PNM,42,42.16,41.41,,,"446,754",56.14,27.08
PNRG,73.4,0,0,,,69,170.99,47.68
POR,44.1,44.55,43.86,,,"450,739",63.08,37.83
POWI,118.73,121.66,117.31,,,"179,938",126.25,77.135
POWL,27.24,27.62,26.93,,,"34,186",50.805,15.62
PPBI,21.25,21.59,20.42,,,"542,037",34.9,13.93
PQG,13.61,13.94,13.43,,,"175,527",17.26,8.5
PRA,15.75,16.03,15.49,,,"500,990",42.03,12.67
PRAA,39.8,40.15,38.78,,,"234,623",40.56,19.4001
PRFT,36.94,37.27,36.65,,,"473,012",53.76,18.88
PRGS,35.45,37.01,35.32,,,"220,020",52.5,28.09
PRGX,4.62,4.7,4.48,,,"12,372",7.03,1.77
PRIM,16.9,17.18,16.62,,,"326,326",23.73,9.42
PRK,69.93,69.98,68.19,,,"65,983",105.52,64.53
PRLB,128.95,129.01,124.79,,,"298,399",136.85,63.19
PRMW,14.02,14.205,13.85,,,"810,935",16,6.33
PRNB,85.92,90.5,85.62,,,"256,985",94.9099,25.35
PRO,39.86,41.385,39.7,,,"204,718",75.395,19.73
PROV,12.2,12.23,12.2,,,"8,815",22.99,11.78
PRPL,19.17,19.3,18.44,,,"608,720",21.18,4.42
PRSC,82.18,83.99,80.78,,,"171,851",82.43,40.4
PRSP,21.72,22.4375,21.66,,,"650,099",29.88,14.03
PRTA,12.32,12.72,12.195,,,"125,497",17.63,6.71
PRTH,2.33,2.75,2.21,,,"46,756",8,1.3275
PRTK,4.87,4.935,4.5998,,,"521,246",5.89,2.5
PRTY,1.55,1.56,1.31,,,"8,348,894",7.37,0.26
PSB,131.03,132.38,129.5,,,"84,729",192.13,102.48
PSMT,67.16,67.48,64.67,,,"125,085",79.9,41.15
PSN,34.19,34.99,34.15,,,"146,940",45.4,24.67
PTCT,47.82,48.55,46.815,,,"693,094",59.89,30.7923
PTE,1.61,1.79,1.525,,,"2,216,044",5.62,0.78
PTGX,16.28,17.33,16.19,,,"162,000",19.67,4.47
PTN,0.563,0.585,0.555,,,"1,627,097",1.133,0.355
PTSI,32.36,33.5557,32.25,,,"6,642",71.56,22
PTVCB,14.28,14.6,14.24,,,"10,097",17.87,10.23
PUMP,5.71,5.75,5.3,,,"1,165,844",18.8,1.36
PVAC,11.12,11.77,10.85,,,"906,262",37.12,0.99
PVBC,8.02,8.14,7.97,,,"21,110",28.465,7.21
PWOD,20.92,21.46,20.49,,,"9,144",36.27,18.72
PZN,5.3,5.37,5.19,,,"40,453",10.15,3.46
PZZA,92.98,96.43,92.49,,,"512,759",95.15,28.55
QADA,39.94,40.9358,39.5,,,"39,855",54.54,28.2138
QCRH,29,29.11,27.9,,,"39,375",44.76,22.385
QDEL,257.24,272.68,255.31,,,"578,838",277.67,52.49
QEP,1.66,1.7,1.56,,,"5,559,058",5.35,0.2625
QLYS,111.57,114.21,110.87,,,"261,592",119.195,63.37
QNST,11.5,11.74,11.23,,,"255,904",16.92,5.76
QTRX,30.05,30.52,29.325,,,"118,114",32.82,10.895
QTS,68.48,69.01,67.43,,,"815,467",68.965,42.64
QTWO,93.88,96.6651,93.22,,,"399,912",95,47.17
QUAD,3.11,3.29,3.11,,,"136,292",12.12,2
QUOT,7.85,8.06,7.76,,,"395,089",11.42,4.55
RAD,15.57,16.02,15.35,,,"2,021,460",23.88,5.04
RAMP,46.6,47.58,45.92,,,"590,514",53.585,23.44
RARE,78.93,83.64,78.35,,,"358,339",91.77,31.99
RAVN,23.11,23.2652,22.79,,,"501,102",38,16.01
RBB,13.29,13.39,13.14,,,"37,061",21.9,10.61
RBBN,4.225,4.28,4.15,,,"129,470",5.93,1.95
RBCAA,31.29,31.5,30.42,,,"24,349",49.76,27.05
RBNC,14.9,15.23,14.4314,,,"23,521",25,9.45
RC,8.19,8.31,8.07,,,"251,199",16.9,3.92
RCII,27.8,28.14,27.44,,,"384,152",31.14,11.69
RCKT,24.78,25.87,24.58,,,"511,099",27.59,9.01
RCKY,18.53,19.1,18.35,,,"22,669",34.1357,14.96
RCM,13.54,13.58,13.1101,,,"1,532,921",13.99,7.12
RCUS,23.05,24,22.92,,,"320,937",37.41,6.3
RDFN,41.69,43.8,40.73,,,"2,059,564",43.9,9.63
RDI,4.65,4.83,4.61,,,"37,952",13.69,2.83
RDN,13.95,14.165,13.78,,,"2,431,297",26.315,9.53
RDNT,16.11,16.16,15.72,,,"204,433",23.45,5.81
RDUS,12.71,13.18,12.51,,,"295,923",29.97,10.32
REGI,26.79,27.5,26.09,,,"628,579",32.89,9.9
REI,1.17,1.22,1.12,,,"1,368,730",3.31,0.5182
REPH,4.26,4.4599,4.24,,,"175,153",19.21,3.9865
REPL,19.79,20.29,19.61,,,"137,965",26.22,8.58
RES,3.29,3.33,3.21,,,"776,880",6.92,1.7201
RESI,8.65,8.79,8.59,,,"134,775",13.28,6.01
RETA,156.71,164,156.55,,,"105,494",257.965,70
REV,7.16,7.42,7.06,,,"306,867",27.46,7.11
REVG,6.37,6.61,6.25,,,"253,981",14.99,3.5
REX,69.36,69.58,68.26,,,"22,593",98.79,33.81
REXR,41.73,42.49,40.79,,,"896,662",53.48,31.7871
RFL,14.33,15.55,14.1101,,,"21,497",23.76,9.4
RGCO,22.61,23.05,22.575,,,"16,750",31.98,22.67
RGEN,136.73,141.12,135.835,,,"495,593",143.93,72.32
RGNX,36.54,38.23,36.12,,,"284,561",54.97,20.03
RGR,75.7,77.85,75.205,,,"343,765",80.5,38.44
RGS,8.17,8.26,7.81,,,"468,011",23.27,4.2201
RH,282.93,288.45,277.855,,,"496,860",287.66,73.1359
RHP,32.88,32.94,31.725,,,"487,157",91.57,13.25
RICK,11.78,11.94,11.38,,,"74,835",27.79,6.52
RIGL,2.65,2.9,2.56,,,"4,509,782",5.24,1.23
RILY,23.1,23.18,22.815,,,"47,828",30.17,12.94
RLGT,4.15,4.28,4.15,,,"80,197",5.94,3.08
RLGY,8.31,8.67,8.19,,,"1,996,519",13.88,2.09
RLH,2.3,2.41,2.29,,,"41,931",7.035,1.16
RLI,95.74,97.84,88.25,,,"603,817",99.93,66.02
RLJ,8.29,8.33,8.085,,,"1,656,588",18.17,3.88
RM,15.46,15.66,15.15,,,"104,273",34.93,10.3255
RMAX,34.04,34.1,33.1,,,"113,529",40.7799,14.4
RMBS,14.63,14.87,14.52,,,"664,930",16.98,9.01
RMNI,5.25,5.34,5.225,,,"116,083",5.4,2.22
RMR,30.54,30.78,29.76,,,"46,512",50.31,21.79
RMTI,1.95,2.005,1.9401,,,"179,688",3.85,1.306
RNET,3.13,4,2.23,,,"55,372,054",9.6,0.77
RNST,23.99,24.16,23.55,,,"204,412",36.84,18.22
ROAD,16.78,17,16.44,,,"234,742",20.92,11.96
ROCK,52.03,52.56,51.235,,,"122,701",56.58,30.6
ROG,129.42,130.51,127.305,,,"90,112",174.6491,75.72
ROIC,10.28,10.49,10.07,,,"1,221,091",19.18,5.8402
ROLL,128.66,131.67,126.25,,,"63,830",185.055,77.63
ROSE,0.4226,0.43,0.405,,,"454,026",3.0667,0.25
RPD,56.49,57.73,55.745,,,"485,778",66.01,31.3401
RPT,6.14,6.36,5.99,,,"674,505",15.18,4.615
RRBI,41.46,41.9,40.66,,,"7,855",59,29.9
RRD,1.25,1.3,1.22,,,"1,751,095",4.83,0.72
RRGB,8.08,8.33,7.78,,,"860,395",37.29,4.04
RRR,10.86,11.1,10.51,,,"2,555,331",27.91,2.7601
RRTS,2.3,2.38,2.3,,,"3,368",12.75,1.75
RST,24.37,25.73,23.23,,,"1,433,077",24.31,8.85
RTIX,3.14,0,0,,,0,5.4,1.46
RTRX,20.41,21.39,20.31,,,"416,207",21.92,8.98
RUBY,5.63,5.81,5.53,,,"130,791",14.81,3.35
RUN,42.46,42.8,40.24,,,"6,310,398",41.15,7.835
RUSHA,48.55,49.785,45.795,,,"312,425",49.27,27.25
RUSHB,41.04,42.01,38.56,,,"16,557",48.5,21.645
RUTH,7.16,7.27,6.96,,,"984,025",25.775,2.315
RVI,12.18,12.23,11.83,,,"50,528",38.85,8.32
RVNC,23.5,24.15,23.25,,,"290,070",27.97,9.88
RVSB,4.89,5.02,4.86,,,"60,620",8.64,4.05
RWT,6.9,7.205,6.89,,,"2,170,016",18.01,2.14
RXN,30.27,30.655,29.82,,,"745,354",35.64,18.87
RYAM,3,3.23,2.95,,,"569,018",5.7,0.9001
RYI,5.95,6.14,5.88,,,"203,842",12.54,3.76
RYTM,21.28,22.04,21.19,,,"114,734",25.86,12.99
SAFE,50.65,53.78,48.75,,,"421,836",67.18,26.61
SAFM,113.99,114.98,113,,,"282,136",179.45,102.13
SAFT,76.68,77.43,76.47,,,"41,888",103.96,65.45
SAH,42.13,42.4525,40.77,,,"551,538",41.65,9
SAIA,127.33,129.66,126.04,,,"193,171",132.62,61.46
SAIC,75.72,77.19,75.16,,,"385,002",96.8,45.45
SAIL,31.65,32.39,30.95,,,"1,616,115",31.99,11.61
SALT,13.79,13.85,13.22,,,"157,778",72.3013386,13.0806
SAM,659.23,697,653.06,,,"339,139",666.1991,290.02
SAMG,11.01,11.46,11.01,,,"5,890",14.5,6.21
SANM,26.35,26.66,26.1,,,"501,657",34.96,18.34
SASR,23.41,24,23.04,,,"298,716",38.45,18
SAVE,16.84,17.82,15.925,,,"25,007,248",47.4998,7.01
SB,1.15,1.18,1.12,,,"163,028",2.28,0.74
SBBP,3.42,3.53,3.33,,,"243,910",4.63,1.43
SBBX,19.73,19.8,19.06,,,"36,300",25.235,10.96
SBCF,20,20.02,19.2331,,,"246,460",31.42,13.3
SBH,13.69,14.02,13.465,,,"1,140,210",21.98,6.28
SBOW,3.87,4.27,3.87,,,"115,961",12.95,1.5
SBRA,14.56,14.855,14.36,,,"1,358,836",24.954,5.545
SBSI,28.6,28.71,27.54,,,"178,781",37.89,23.74
SBT,3.22,3.38,3.2,,,"70,531",10.37,2.525
SCHL,28.58,29.34,27.84,,,"250,224",45.8,20.0101
SCHN,18.07,18.15,17.6,,,"243,974",27.47,10.09
SCL,109,109.98,104.96,,,"128,807",106.8799,69.33
SCOR,3.24,3.36,3.11,,,"176,172",5.51,1.43
SCS,11.52,11.715,11.385,,,"982,744",23.02,7.02
SCSC,24.72,25.48,24.5961,,,"89,145",39.01,13.78
SCVL,29.54,30.09,28.89,,,"161,179",40,12.56
SCWX,12.1,12.72,11.61,,,"135,747",18.23,5.29
SD,1.35,1.42,1.34,,,"130,172",6.97,0.7
SEAS,16.65,16.78,16.07,,,"1,266,949",36.96,6.75
SEM,15.68,15.81,15.435,,,"623,923",28.61,10
SENEA,39.66,39.89,39.01,,,"25,340",41.88,24.48
SENS,0.4445,0.4669,0.4236,,,"1,676,131",1.78,0.36
SF,48.8,49.395,48.44,,,"341,584",69.097,31.13
SFBS,37.49,37.76,36.95,,,"255,862",40.9,21.76
SFE,6.07,6.23,6.02,,,"45,331",12.79,4.43
SFIX,23.6,24.305,23.41,,,"1,657,590",30.44,10.9
SFL,8.53,8.6,8.38,,,"577,454",15.1,6.33
SFNC,17.5,17.66,16.9,,,"608,530",27.29,13.75
SFST,25.76,25.85,25.12,,,"16,275",44.43,20.89
SGA,23.64,24.3,23.03,,,"3,438",31.95,21
SGC,14.15,14.4,13.9,,,"15,328",18.08,6.1
SGH,27.92,28.93,27.33,,,"366,458",39.08,16.42
SGMO,11.05,11.42,10.96,,,"1,021,094",12.49,4.81
SGMS,15.18,16.06,14.49,,,"2,082,829",31.63,3.76
SGRY,15.81,16.69,15.305,,,"1,306,595",19.74,4
SHAK,52.67,53.79,51.5491,,,"1,174,420",105.84,30.01
SHBI,9.31,9.7308,9.3,,,"9,765",17.9,7.63
SHEN,49.52,49.61,48.48,,,"123,288",59.93,29.61
SHO,7.42,7.48,7.22,,,"2,477,106",14.47,5.75
SHOO,23,23.54,22.42,,,"583,271",44.795,16.38
SHSP,7.38,8.14,7.1,,,"398,592",13.945,4.5
SIBN,16.94,17.375,16.41,,,"83,973",23.1,7.2
SIC,4.24,4.86,4.155,,,"102,389",13.76,1.25
SIEB,4.26,4.55,4.26,,,"24,004",12.36,4
SIEN,3.82,3.88,3.68,,,"1,325,555",9.71,1
SIG,12.29,12.5842,11.91,,,"1,474,231",31.44,5.6001
SIGA,7.1,7.235,7.03,,,"188,603",7.31,3.96
SIGI,57.55,57.94,56.4,,,"195,880",81.3499,37.05
SILK,47.97,49.2,46.5,,,"589,975",48.44,20.84
SITE,120.33,124.97,118.99,,,"247,019",123.23,53.29
SJI,24.22,24.31,23.82,,,"879,403",34.48,19.62
SJW,65.91,66.143,65.14,,,"64,255",74.99,45.6
SKT,6.76,7.04,6.62,,,"4,238,811",17.94,4.05
SKY,26.35,27.84,25.88,,,"525,509",37.03,10.82
SKYW,29.02,29.705,27.79,,,"661,903",66.52,10.58
SLAB,102.76,104.83,101.8,,,"150,718",122.9,65.09
SLCA,3.69,3.74,3.51,,,"775,376",14.83,0.79
SLCT,7.92,8,7.8,,,"12,198",12.47,5.98
SLDB,2.92,3.03,2.86,,,"271,401",13.58,1.96
SLP,66.54,70.275,65.8272,,,"253,974",68.4,26
SM,3.78,3.87,3.675,,,"4,740,904",12.91,0.9
SMBC,21.9,22.08,21.86,,,"4,897",39.05,17.3
SMBK,14,15.73,13.67,,,"42,522",23.99,11.05
SMHI,2.31,2.44,2.2601,,,"69,498",14.73,1.46
SMMF,16.15,16.5173,15.8956,,,"4,330",27.83,13.48
SMP,39.85,40.32,39.31,,,"85,043",55.85,33.94
SMPL,24.08,24.2,23.615,,,"993,704",31.34,14.08
SMTC,52.18,53.04,51.59,,,"292,125",58.23,26.03
SNBR,45.54,45.65,44.05,,,"485,770",61,15.27
SNCR,3.62,3.69,3.57,,,"170,732",9.05,2.17
SND,1.14,1.15,1.1,,,"90,222",3.31,0.5501
SNDX,13.55,14.1484,13.32,,,"279,593",21.97,5.35
SNR,3.53,3.56,3.35,,,"440,461",8.35,1.72
SOI,7.99,8,7.61,,,"313,065",15.18,4.5
SOLY,7.63,7.84,7.35,,,"476,481",15.5,6.64
SONA,9.15,9.19,8.71,,,"85,336",16.85,7.58
SONM,0.8708,0.939446,0.85,,,"1,528,637",13.97,0.5
SONO,16.91,17.83,16.55,,,"7,007,278",17.54,6.58
SP,17.6,17.905,17.15,,,"132,838",47.33,14.44
SPFI,13.21,13.4,13.16,,,"4,889",22,11.3
SPKE,7.53,7.56,7.4,,,"56,864",11.47,5.25
SPN,1.2,1.45,1.15,,,"1,616,955",9.646,0.7
SPNE,10.27,10.47,9.81,,,"74,913",16.78,4.02
SPOK,9.59,9.73,9.44,,,"68,008",15.06,8.53
SPPI,3.27,3.32,3.165,,,"950,786",10.57,1.7422
SPRO,12.38,12.92,12,,,"135,044",14.483,5.25
SPSC,73.22,75.15,72.52,,,"272,445",77.59,31.28
SPTN,22.23,22.57,21.91,,,"392,423",22.8,8.82
SPWH,16.16,16.79,15.88,,,"665,831",16.84,3.5
SPWR,10.12,10.37,9.74,,,"3,981,244",16.04,4.03
SPXC,42.32,42.735,41.55,,,"131,947",53.76,25.5
SR,65,65.3549,64.545,,,"176,547",88,57.37
SRCE,35.06,35.26,34.1522,,,"50,384",53.42,26.0711
SRDX,48.11,48.18,45.88,,,"163,852",49,22.06
SRG,9.86,10.085,9.73,,,"496,179",45.7,5
SRI,21.12,21.19,20.43,,,"130,988",34.46,13.87
SRNE,7.8,8.29,7.52,,,"19,937,197",10,1.39
SRRK,11.61,12.54,11.49,,,"152,880",21.9199,6.95
SRT,4.77,4.84,4.72,,,"18,546",8.3,2.75
SSB,49.28,49.4,47.18,,,"298,826",88.1,40.42
SSD,90.62,91.3799,89.05,,,"233,009",95.65,47.02
SSP,10.43,10.81,10.21,,,"260,707",16.93,5.36
SSTI,23.49,24.13,23.34,,,"48,762",41,18.44
SSTK,40.76,41.04,39.35,,,"218,423",45.98,28.76
SSYS,15.66,15.96,15.52,,,"515,426",29.45,12.18
STAA,55.79,57.76,55.07,,,"454,253",62.51,23.2
STAG,30.97,31.4,30.72,,,"1,053,806",33.48,17.54
STAR,11.91,12.16,11.77,,,"371,600",17.5,5.48
STBA,23.76,23.89,23.07,,,"109,191",41.535,18.97
STC,38.32,40.72,37.63,,,"547,343",44.14,20.26
STFC,16.47,16.85,16.41,,,"50,835",35.32,15.85
STIM,3,3.35,2.96,,,"311,747",12.24,1.25
STMP,221.98,230.51,219.26,,,"204,331",240,44.03
STNG,13.26,13.33,12.8001,,,"1,786,336",40.45,12
STRA,166.92,169.39,165.46,,,"56,409",188.99,108.9
STRL,10.07,10.19,9.92,,,"108,234",17.49,6.72
STRO,8.22,8.45,8.07,,,"84,488",12.75,6
STRS,18.42,19.045,18.25,,,"4,529",32.22,12
STXB,11.59,11.89,11.57,,,"28,443",23.48,8.96
SUM,17.51,18.47,17.005,,,"1,540,377",25.22,7.51
SUPN,23.75,24.06,23.375,,,"314,187",34.11,13.12
SVMK,22.76,23.71,22.495,,,"465,921",24.7399,9.35
SVRA,1.95,2.03,1.88,,,"222,736",5.48,0.69
SWAV,46.03,47.83,45.85,,,"197,000",50.9,22.01
SWM,33.05,33.61,32.7,,,"175,165",46.645,20
SWN,2.58,2.64,2.44,,,"17,854,271",3.9,1.06
SWX,71.93,72.225,71.225,,,"254,780",92.94,45.68
SXC,3.25,3.2599,3.1,,,"484,274",9.13,2.33
SXI,57.33,57.89,56.26,,,"39,443",81.69,37.5001
SXT,53.86,54.05,53.48,,,"217,199",70.52,38.24
SYBT,40.61,41.92,40.125,,,"74,202",42.6,22.98
SYBX,2.19,2.3076,2.13,,,"113,172",6.5,1.35
SYKE,27.42,27.59,27.05,,,"159,436",38.24,22.12
SYNA,78.27,80.4,77.2362,,,"695,365",84.75,28.8
SYNH,62.51,63.71,62.26,,,"560,007",74.25,30.02
SYNL,7.25,7.415,7.0801,,,"7,222",17.17,6.51
SYRS,11.02,11.7,10.9,,,"107,308",12.75,4.26
SYX,19.14,19.25,18.845,,,"55,257",26.57,14
TACO,7.15,7.2599,6.83,,,"975,526",12.89,2.45
TALO,7.98,8.33,7.845,,,"749,931",31.34,5
TAST,5.1,5.11,4.93,,,"306,447",9.68,0.9801
TBBK,8.92,9.11,8.76,,,"241,280",13.73,3.36
TBI,14.01,14.34,13.94,,,"366,345",24.98,12.02
TBIO,18.85,20.4,18.61,,,"1,777,788",28.09,6.8
TBK,26.9,27.32,26.32,,,"90,779",43.15,19.03
TBNK,21.8,22.03,21.57,,,"14,463",32.45,20.25
TBPH,21.02,21.98,20.96,,,"196,550",31.54,15.72
TCBK,29.51,29.79,28.93,,,"202,210",41.42,23.05
TCDA,14.39,14.8532,14.18,,,"614,573",44.3,14.17
TCFC,22.4,22.88,21.15,,,"6,786",36.23,17.5
TCI,25.6,25.6,25.6,,,231,41.5,16
TCMD,38.53,39.69,37.72,,,"282,223",71.65,29.47
TCRR,13.66,14.58,13.51,,,"87,418",21.06,5.84
TCS,4.27,4.43,4.2,,,"163,584",7,1.8
TCX,60.92,61.84,60.58,,,"26,081",67.32,42.5
TDOC,219.88,230.2762,216.39,,,"1,295,160",237.76,54.581
TDW,6.27,6.27,5.82,,,"115,894",23.46,4.09
TELL,1.06,1.19,1.05,,,"15,083,931",9.28,0.6664
TEN,7.76,7.89,7.56,,,"644,023",16.2851,2.21
TENB,31.1,31.86,30.835,,,"782,579",32.15,16.28
TERP,21.07,21.8,20.91,,,"2,260,544",21.98,11.4
TESS,6.24,6.285,5.8,,,"44,105",16.38,4.1172
TEUM,0.7198,0.7679,0.7001,,,"972,089",3.82,0.2924
TEX,20.21,20.48,19.86,,,"663,104",33.49,11.54
TG,15.8,15.83,15.34,,,"127,396",23.48,11.31
TGH,8.69,8.69,8.31,,,"125,024",11.75,5.5
TGI,7.77,8.07,7.48,,,"1,309,233",29.38,3.02
TGNA,11.71,11.81,11.58,,,"1,905,446",18.31,9.61
TGTX,21.59,22.69,21.22,,,"1,117,095",24.76,4.95
TH,1.47,1.58,1.47,,,"159,078",8.7,1.19
THC,24.99,25.36,24.11,,,"1,712,150",39.3675,10
THFF,35.11,35.11,34.36,,,"36,975",46.93,27.62
THR,14.61,14.635,14,,,"123,331",27.73,12.62
THRM,39.9,40.18,39.29,,,"100,549",49.95,27.24
TILE,8.09,8.22,7.84,,,"241,304",17.675,5.06
TIPT,5.7,5.83,5.58,,,"14,612",8.3,4.45
TISI,4.09,4.11,3.88,,,"602,557",19,3.7501
TITN,11.45,11.79,11.18,,,"94,353",21.88,6.96
TK,2.48,2.51,2.38,,,"465,928",5.76,2.04
TLRD,0.6759,0.7001,0.67,,,"1,275,224",7.24,0.6301
TLYS,6.25,6.3,5.93,,,"355,016",12.75,3.46
TMDX,17.57,17.87,17.305,,,"70,194",27.42,10.1
TMHC,24.47,25.95,23.77,,,"1,281,690",28.47,6.39
TMP,65.28,66.4,64.3,,,"47,207",93.66,53.3241
TMST,3.65,3.78,3.61,,,"212,148",8,2.16
TNAV,5.18,5.23,5.07,,,"162,623",11.67,3.711
TNC,68.2,68.53,66.04,,,"57,452",87.06,46.64
TNDM,103.52,108.62,102.58,,,"767,059",106.18,43.69
TNET,63.02,63.79,62.56,,,"190,851",76.92,27.79
TNK,13.72,13.8,13.15,,,"570,149",26.92,7.6808
TORC,2.46,2.71,2.41,,,"808,428",11.36,0.86
TOWN,18.81,18.88,17.9601,,,"221,284",29.02,15.03
TPB,30.31,31.12,29.75,,,"165,812",46.6,14.09
TPC,12.45,12.76,12.308,,,"210,527",19.48,2.61
TPCO,9.71,9.94,9.59,,,"54,540",13.86,4.91
TPH,17.05,17.99,16.84,,,"2,538,008",18.63,5.89
TPIC,28.31,28.9425,28,,,"414,553",29.44,9.185
TPRE,8.19,8.21,8.07,,,"344,650",11.52,5.64
TPTX,62.21,68.2,61.69,,,"234,958",72.025,31.3042
TR,32.38,32.68,32.09,,,"328,260",38.92,30.79126214
TRC,14.86,14.86,14.43,,,"81,470",18.8864,12.12
TREC,6.2,6.3,6.13,,,"13,951",9.65,4.23
TREX,133.62,138.715,132.21,,,"437,033",138.34,56.22
TRHC,56.97,57.84,56.06,,,"220,985",69.72,33.04
TRMK,23.36,23.61,22.93,,,"256,644",36.04,20.26
TRNO,56.04,56.23,55.19,,,"526,533",62.31,42.115
TRNS,29.03,29.46,27.925,,,"26,112",34.18,16.5
TROX,7.66,7.7,7.43,,,"828,853",12.4,3.97
TRS,24.78,24.785,24.08,,,"116,528",33.07,18.05
TRST,6.115,6.12,5.96,,,"688,381",9.1,4.3
TRTN,30.01,30.24,29.85,,,"412,957",40.81,19.8
TRTX,8.27,8.45,8.21,,,"351,893",21.3,2.45
TRUE,2.935,2.99,2.88,,,"424,887",5.44,1.98
TRUP,51.89,52.18,49.52,,,"461,932",50.94,20.84
TRWH,20.93,21.5975,20.8,,,"91,695",30.45,7.22
TRXC,0.3544,0.3644,0.35,,,"2,850,099",18.98,0.28
TSBK,16.99,17.4147,16.97,,,"6,275",31,13.6
TSC,13.79,14.88,13.415,,,"391,007",26.43,7.59
TSE,24.12,24.67,23.85,,,"482,957",50.14,14.16
TTEC,47.26,47.86,46.94,,,"105,153",50.45,26.28
TTEK,85.45,85.88,84.29,,,"262,491",99.34,63.61
TTGT,34.27,34.39,33.88,,,"295,340",34.12,16.815
TTI,0.773,0.85,0.7551,,,"4,162,265",2.18,0.22
TTMI,11.89,11.99,11.67,,,"672,855",16.25,8.0595
TUP,9.06,9.6583,7.56,,,"11,322,453",16.94,1.15
TUSK,1.1,1.12,1.08,,,"117,640",6.77,0.56
TVTY,12.545,12.8,12.26,,,"412,275",26.07,1.92
TWI,1.77,1.88,1.68,,,"614,376",4.11,1.05
TWIN,6.06,6.255,5.84,,,"48,830",13.99,4.84
TWNK,12.625,12.645,12.27,,,"1,296,273",14.72,9.325
TWST,56.96,60.9599,56.72,,,"330,116",60.96,18.52
TXMD,1.98,2.12,1.89,,,"5,209,052",4.32,0.853
TXRH,51.59,51.91,50.37,,,"776,041",72.49,25.15
TYME,1.23,1.3,1.23,,,"292,904",2.04,0.8601
TZOO,5.48,5.55,5.24,,,"168,770",14.1,3.04
UBA,10,10.17,9.75,,,"194,840",24.88,9.84
UBFO,6.54,6.78,6.52,,,"6,955",11.05,5.04
UBSI,28.08,28.22,27.1225,,,"454,127",40.7,19.67
UBX,8.47,8.776,8.43,,,"265,020",10.38,4.62
UCBI,18.98,19.31,18.625,,,"392,224",31.66,14.95
UCTT,24.19,24.69,23.83,,,"260,734",30,11.2001
UE,10.46,10.83,10.23,,,"713,763",21.74,6.98
UEC,1.01,1.05,1.005,,,"931,504",1.2641,0.35
UEIC,49.24,49.87,47.72,,,"44,425",60,29.495
UFCS,27.42,27.94,27,,,"82,254",53.68,22.08
UFI,12.72,13.02,12.59,,,"106,710",27.85,7.48
UFPI,54.68,57.93,54.09,,,"642,839",58.1,29.17
UFPT,47.8,48.15,47.36,,,"24,707",52.5916,30.8
UHT,68.84,70.568,67.63,,,"44,615",132.41,54.5405
UIHC,7.75,7.855,7.65,,,"85,575",14.24,6.99
UIS,11.6,11.63,11.27,,,"518,687",18.13,6.39
ULH,17.99,18.57,17.86,,,"94,629",27.49,11.02
UMBF,49.03,49.55,48.2,,,"176,195",70.26,39.47
UMH,12.34,12.38,12.01,,,"306,724",16.64,8.63
UNB,19.9,20,19.55,,,"12,311",38.79,16.5
UNF,183.46,184.02,179.72,,,"69,583",217.9,121.89
UNFI,19.77,20.52,19.71,,,"718,758",23.38,5
UNIT,9.9,10.13,9.7842,,,"1,720,236",11.08,4.86
UNTY,14.4,14.4,13.905,,,"4,599",24.7,8.76
UPLD,34.61,35.97,34.19,,,"99,831",48.57,20.75
UPWK,13.69,14.26,13.52,,,"1,090,043",17.75,5.14
URGN,24.12,24.92,23.84,,,"84,635",37.075,13.1184
USAT,7.4,7.6,7.35,,,"48,738",9.25,3.8
USCR,26.84,27.35,25.77,,,"385,544",56.22,6.75
USLM,89.33,89.33,89.33,,,"1,238",104,60.99
USNA,83.36,85.96,82.895,,,"198,558",92.26,43.01
USPH,83.69,83.95,81.58,,,"54,354",148.48,45.13
USWS,0.4362,0.4649,0.435,,,"467,086",3.8723,0.2487
USX,7.24,7.63,7.21,,,"416,985",7.55,2.65
UTL,46.22,46.48,45.69,,,"46,364",65.7584,39.33
UTMD,86.02,89.0625,82.44,,,"19,935",112.26,75.33
UUUU,1.85,1.89,1.77,,,"1,944,898",2.35,0.78
UVE,17.59,17.83,17.41,,,"170,990",30.79,14.2
UVSP,15.87,15.93,14.89,,,"159,651",27.8,13.2
UVV,41.89,41.96,41.215,,,"154,525",60.96,37.04
VAC,88.33,88.6,86.8297,,,"196,577",131.27,30.1
VALU,24.35,25.03,23.17,,,"8,038",36.6016,18.4
VAPO,49.05,49.39,47.54,,,"370,294",50.31,6.86
VBIV,5.45,5.8,5.3,,,"8,774,318",6.93,0.4655
VBTX,16.97,17.14,16.46,,,"177,205",29.41,10.02
VC,74.41,75.02,72.85,,,"214,571",105.99,38.69
VCEL,15.61,15.95,15.32,,,"352,147",19.78,6.78
VCRA,23.82,24.19,23.46,,,"304,527",28.78,15.89
VCYT,30.96,32.155,30.58,,,"439,552",32.48,13.9
VEC,45.35,46.25,44.96,,,"45,136",59.24,28.9
VECO,13.5,13.71,13.17,,,"323,896",19.21,7.42
VG,11.65,11.82,11.49,,,"2,186,270",13.75,4.18
VGR,8.88,8.92,8.695,,,"662,189",14.42,7.92
VHC,5.13,5.34,5.09,,,"311,193",8.47,2.85
VHI,11.19,11.27,11.1,,,"5,820",27.84,9.02
VIAV,13.64,13.74,13.39,,,"1,573,383",16.35,8.0801
VICR,72.87,75.185,71.73,,,"602,438",78.81,26.5
VIVO,23.63,24.68,23.42,,,"420,462",25.88,5.51
VKTX,6.75,6.9514,6.71,,,"661,187",8.87,3.26
VLGEA,26.255,26.68,26.08,,,"66,609",28.71,16.48
VLY,7.79,7.95,7.46,,,"2,642,434",12.14,6
VNCE,5.13,5.3,5.12,,,"5,198",27.63,3.16
VNDA,11.01,11.22,10.75,,,"501,711",17.85,7.12
VPG,24.35,24.48,24.06,,,"51,148",41.9,16.56
VRA,4.305,4.445,4.26,,,"277,252",12.75,3.12
VRAY,2.39,2.53,2.335,,,"1,193,474",9.54,1.1055
VRCA,7.06,7.725,7.01,,,"179,360",18.67,6.79
VREX,16.52,16.62,16.1,,,"393,105",33,14.27
VRNS,104.64,108.4,104.04,,,"567,213",111.47,48.95
VRNT,43.98,44.91,43.585,,,"522,685",59.83,32.435
VRRM,10.83,10.92,10.72,,,"709,422",17.2,5.6325
VRS,12.78,12.84,12.4,,,"131,787",19.49,9.61
VRTS,132.15,133.43,130,,,"58,336",141.785,55.37
VRTU,33.91,34.56,32.82,,,"302,805",52.81,19.48
VRTV,17.28,17.65,17.04,,,"118,420",24.66,5.7
VSEC,28.97,29.57,28.78,,,"21,799",41.14,13.83
VSH,15.54,15.825,15.285,,,"1,869,096",23.25,11.23
VSLR,23.27,23.56,22.22,,,"3,556,033",22.67,3.17
VSTO,15.21,15.92,15.15,,,"695,486",16.3099,4.29
VVI,15.77,15.92,15.15,,,"482,381",72.271,11.25
VYGR,12.52,12.67,12.06,,,"220,105",23.74,6.26
WABC,59.75,60.25,58.91,,,"94,317",69.08,46.94
WAFD,24.73,25.17,24.22,,,"550,090",38.26,20.915
WASH,34.31,34.82,33.96,,,"107,460",54.96,25.86
WATT,3.32,3.45,3.2319,,,"822,890",4.5899,0.61
WBT,6.78,6.86,6.56,,,"1,294,708",19.81,3.17
WD,51.69,51.8484,50.99,,,"141,520",79.74,24.55
WDFC,190.14,194.27,190.02,,,"156,786",211.679,151.16
WDR,15.23,15.305,14.73,,,"999,076",18.33,9.8701
WERN,43.96,44.47,43.73,,,"874,872",46.95,28.99
WETF,3.67,3.72,3.57,,,"793,200",6.53,1.87
WEYS,19.36,19.8494,19.36,,,"3,867",27.9,15.4
WGO,62.62,67.077,61.125,,,"589,602",72.65,16.94
WHD,22.4,22.54,21.275,,,"463,996",35.28,8.16
WHG,13.25,14.1276,13.25,,,"22,417",33.05,10.5
WIFI,14.46,14.68,14.14,,,"445,804",16.17,6.66
WINA,160.01,165.575,158.14,,,"8,908",215,115
WING,138.86,148.97,136.125,,,"1,996,838",146.13,44.27
WIRE,50.43,50.84,50,,,"118,902",62.08,38.01
WK,54.2,56.27,53.76,,,"198,014",64.115,22.01
WLDN,25.25,25.65,24.99,,,"48,775",39.96,17.92
WLFC,22.2,22.33,21.9,,,"6,687",74.46,14.11
WLL,1.04,1.06,1.01,,,"5,156,735",18.62,0.25
WMC,2.3,2.4,2.28,,,"724,312",11.33,1.37
WMGI,29.94,30,29.86,,,"362,972",30.66,19.04
WMK,51.74,52.355,50.94,,,"120,481",59.39,32.4401
WMS,49.18,50.67,48.65,,,"200,620",51.6,22.13
WNC,11.62,11.765,11.34,,,"761,321",16.68,6.26
WNEB,5.44,5.6756,5.4,,,"12,389",10.1,4.45
WOR,37.65,38.43,37.26,,,"771,966",44.69,19.28
WOW,5.54,5.67,5.32,,,"370,942",8.12,2.9453
WPG,0.78,0.798,0.7501,,,"2,442,850",4.69,0.5585
WRE,22.03,22.19,21.8,,,"756,263",32.2152,18.01
WRLD,66.01,66.62,64.44,,,"48,337",161.36,43.16
WRTC,11.44,12.3,11,,,"1,230,375",14.4,3.07
WSBC,20.9,21.05,19.76,,,"305,286",39.33,17.46
WSBF,14.26,14.3,14,,,"112,773",19.48,12.1
WSC,14.7,14.99,14.37,,,"2,245,001",19.79,7.45
WSFS,29.04,29.4,27.055,,,"426,659",46.05,17.84
WSR,6.62,6.75,6.51,,,"239,702",14.65,4.705
WTBA,17.21,17.28,16.95,,,"14,940",25.9283,13.74
WTI,2.48,2.52,2.42,,,"3,406,004",6.1,1.07
WTRE,17.29,17.6,16.87,,,"28,652",28.895,10.86
WTRH,4.94,5.06,4.81,,,"4,001,365",5.4316,0.2125
WTS,85.63,85.93,84.45,,,"119,370",114.4494,69.02
WTTR,4.79,4.8,4.49,,,"189,069",10.5,2.22
WVE,9.59,10.15,9.57,,,"367,690",39.98,6.61
WW,26.09,26.77,25.58,,,"653,740",47.19,9.75
WWW,23.47,23.87,23.05,,,"593,790",34.7,12.19
XAN,2.33,2.51,2.29,,,"896,687",12.51,0.95
XBIT,16.22,17.4,15.98,,,"221,945",26.4,6.84
XELA,0.515,0.534,0.502,,,"5,480,089",3.2,0.086
XENT,17.53,17.88,17.08,,,"189,445",31.46,5.97
XERS,2.84,2.92,2.76,,,"1,994,843",12.7,1.42
XFOR,8.37,8.52,8.1,,,"90,724",15.95,5.835
XHR,8.6,8.65,8.37,,,"576,945",22.39,6.145
XLRN,110.25,110.75,105.97,,,"1,784,681",110.49,37.6
XNCR,33.84,34.78,33.45,,,"221,947",46.33,19.35
XPER,15.01,15.48,14.77,,,"983,240",22.38,9.01
XXII,0.8144,0.83,0.780101,,,"1,339,691",2.46,0.6
YCBD,2.7,2.85,2.65,,,"773,698",5.35,0.502
YELP,23.84,24.32,23.39,,,"1,194,403",39.37,12.885
YETI,46.26,47.96,45.26,,,"1,042,678",47.6,15.28
YEXT,16.37,17,16.18,,,"799,479",22.65,8.56
YGYI,1.16,1.21,1.16,,,"95,246",5.4999,0.61
YMAB,38.19,39.87,37.91,,,"85,894",50.49,14.16
YORW,48.45,49.6481,48.07,,,"70,816",51.27,34.34
YRCW,2.52,2.65,2.3701,,,"1,545,600",4.7901,1.29
ZAGG,2.99,3.1,2.95,,,"476,043",9.01,2.06
ZEUS,10.35,10.69,10.11,,,"37,273",18.41,7.74
ZGNX,26.42,27.49,26.05,,,"592,473",57.22,16.65
ZIOP,3.15,3.32,3.13,,,"1,288,685",7.25,1.795
ZIXI,6.41,6.605,6.21,,,"822,364",10.16,2.84
ZUMZ,27.14,27.26,25.71,,,"419,891",35.68,13.13
ZUO,11.87,12.05,11.67,,,"1,163,987",16.59,6.21
ZYNE,3.66,3.74,3.55,,,"554,715",12.51,2.55
ZYXI,20.21,21.49,19.2673,,,"1,842,346",29.7271,7.51
